CODMUNRES,n_obitos,n_obitos_tb,n_obitos_mulheres,prop_mulheres,n_obitos_menos5,CITY,IBGE_RES_POP,IBGE_RES_POP_BRAS,IBGE_RES_POP_ESTR,IBGE_DU,IBGE_DU_URBAN,IBGE_DU_RURAL,IBGE_POP,IBGE_1,IBGE_1-4,IBGE_5-9,IBGE_10-14,IBGE_15-59,IBGE_60+,IBGE_PLANTED_AREA,IBGE_CROP_PRODUCTION_$,IDHM Ranking 2010,IDHM,IDHM_Renda,IDHM_Longevidade,IDHM_Educacao
290000,306,2,39,12.745098039215685,1,NA,NA,NA,NA,NA,NA,NA,NA,NA,NA,NA,NA,NA,NA,NA,NA,NA,NA,NA,NA,NA
290010,81,0,37,45.67901234567901,0,abaíra,8316,8316,0,2572,1193,1379,3725,37,156,263,277,2319,673,895,3999,4086,0.603,0.577,0.746,0.51
290020,78,0,37,47.43589743589743,0,abaré,17064,17064,0,4332,2379,1953,8994,167,733,978,927,5386,803,2058,22761,4756,0.575,0.533,0.776,0.46
290030,112,1,43,38.392857142857146,0,acajutiba,14653,14643,10,4116,3632,484,12727,216,849,1282,1404,7412,1564,4570,11442,4613,0.58,0.56,0.723,0.487
290035,73,1,33,45.20547945205479,0,adustina,15702,15702,0,4544,1704,2840,5545,65,324,437,524,3498,697,26000,26863,5261,0.546,0.526,0.718,0.432
290040,114,1,44,38.59649122807017,0,água fria,15731,15731,0,4610,1830,2780,5753,89,332,463,562,3504,803,6315,2072,5195,0.55,0.529,0.747,0.422
290050,83,1,38,45.78313253012048,0,érico cardoso,10859,10859,0,2659,542,2117,1999,26,98,140,171,1293,271,1767,5450,4555,0.584,0.558,0.758,0.471
290060,28,0,11,39.285714285714285,0,aiquara,4602,4602,0,1376,786,590,2673,40,156,256,245,1625,351,2910,5677,4573,0.583,0.573,0.733,0.471
290070,1059,0,500,47.21435316336166,6,alagoinhas,141949,141929,20,41702,36764,4938,123051,1704,6649,8980,10393,82616,12709,2585,16886,2385,0.68,0.681,0.79,0.592
290080,139,4,61,43.884892086330936,2,alcobaça,21271,21261,10,6068,3240,2828,11788,216,865,1110,1235,7307,1055,3419,38318,3982,0.608,0.611,0.771,0.476
290090,56,0,21,37.5,0,almadina,6357,6357,0,1983,1552,431,5067,90,270,378,534,3007,788,3357,14006,4995,0.563,0.563,0.751,0.421
290100,300,1,128,42.66666666666667,1,amargosa,34351,34337,14,10418,7720,2698,24819,321,1387,2110,2199,15437,3365,3046,12498,3596,0.625,0.616,0.807,0.492
290110,162,1,61,37.65432098765432,0,amélia rodrigues,25190,25190,0,7169,5663,1506,19897,317,1153,1648,1901,12788,2090,768,1385,2768,0.67,0.609,0.81,0.6
290115,85,0,33,38.82352941176471,0,américa dourada,15961,15961,0,4343,2919,1424,10815,195,847,1089,1254,6374,1056,6982,19255,5036,0.561,0.506,0.751,0.464
290120,118,0,52,44.06779661016949,1,anagé,25516,25516,0,7252,1486,5766,4904,71,319,383,434,3121,576,1960,3889,5330,0.54,0.549,0.771,0.371
290130,61,0,21,34.42622950819672,0,andaraí,13960,13955,5,3761,2218,1543,7730,133,509,820,916,4532,820,2178,2458,5144,0.555,0.54,0.764,0.415
290135,86,0,35,40.69767441860465,0,andorinha,14414,14414,0,4625,2055,2570,6199,96,362,510,558,4020,653,836,36,4458,0.588,0.586,0.731,0.474
290140,94,1,34,36.17021276595745,0,angical,14073,14068,5,3801,1806,1995,6516,106,383,580,666,3991,790,4864,17922,3598,0.625,0.564,0.778,0.556
290150,85,0,45,52.94117647058824,0,anguera,10242,10242,0,2534,1183,1351,4296,55,259,336,338,2662,646,900,195,4424,0.589,0.565,0.766,0.471
290160,80,0,36,45,0,antas,17072,17072,0,4646,1755,2891,6313,73,339,439,503,4059,900,4175,5474,4367,0.59,0.573,0.739,0.491
290170,61,0,25,40.98360655737705,1,antônio cardoso,11554,11554,0,2898,903,1995,3218,56,220,240,281,2080,341,2832,1124,5039,0.561,0.544,0.768,0.422
290180,78,0,40,51.28205128205128,1,antônio gonçalves,11015,11015,0,3092,1659,1433,5770,85,373,532,596,3487,697,712,1234,4206,0.598,0.58,0.741,0.498
290190,112,0,40,35.714285714285715,1,aporá,17731,17731,0,5183,2519,2664,8471,128,587,807,869,5008,1072,2928,4652,5234,0.55,0.516,0.751,0.425
290195,52,1,16,30.76923076923077,0,apuarema,7459,7459,0,2141,1474,667,5112,78,320,502,525,3094,593,2686,5492,5185,0.552,0.555,0.735,0.413
290200,97,0,40,41.23711340206185,0,aracatu,13743,13743,0,3657,1103,2554,3933,47,252,331,340,2490,473,2744,6116,4626,0.581,0.591,0.754,0.439
290205,74,0,33,44.5945945945946,0,NA,NA,NA,NA,NA,NA,NA,NA,NA,NA,NA,NA,NA,NA,NA,NA,NA,NA,NA,NA,NA
290210,276,1,97,35.14492753623188,1,araci,51651,51651,0,13643,5643,8000,19588,285,1340,1802,2130,12021,2010,12001,11881,5368,0.534,0.534,0.747,0.381
290220,65,0,28,43.07692307692308,0,aramari,10036,10031,5,2686,1457,1229,5105,64,282,438,451,3343,527,452,2177,4460,0.588,0.568,0.761,0.47
290225,69,1,26,37.68115942028986,0,arataca,10392,10392,0,3052,1627,1425,5579,110,408,610,695,3129,627,10897,12660,5067,0.56,0.557,0.758,0.413
290230,44,0,17,38.63636363636363,0,aratuípe,8599,8599,0,2430,1570,860,5490,68,359,508,602,3370,583,943,9250,4758,0.575,0.57,0.753,0.443
290240,93,0,38,40.86021505376344,0,aurelino leal,13595,13595,0,3931,3247,684,11422,176,809,1006,1286,6911,1234,6501,21097,4894,0.568,0.555,0.759,0.434
290250,73,0,23,31.506849315068493,1,baianópolis,13850,13850,0,3835,1017,2818,3481,62,274,326,295,2153,371,19941,72953,4423,0.589,0.543,0.763,0.492
290260,161,0,78,48.4472049689441,1,baixa grande,20060,20060,0,5727,2483,3244,8309,134,623,782,770,5057,943,2080,526,4518,0.585,0.549,0.775,0.471
290265,69,0,32,46.3768115942029,0,banzaê,11814,11809,5,2664,1183,1481,4031,61,247,314,437,2418,554,4490,2982,4664,0.579,0.539,0.769,0.468
290270,291,2,108,37.11340206185567,0,barra,49325,49325,0,11507,5427,6080,22410,397,1558,2288,2639,13341,2187,5438,13328,5099,0.557,0.503,0.75,0.457
290280,138,0,55,39.85507246376812,1,barra da estiva,21187,21187,0,5620,2875,2745,10379,188,680,947,993,6645,926,10150,42087,4757,0.575,0.566,0.717,0.469
290290,221,0,85,38.46153846153847,1,barra do choça,34788,34775,13,9229,6066,3163,22392,338,1501,1949,2320,13728,2556,22893,87290,5192,0.551,0.563,0.77,0.386
290300,98,0,44,44.89795918367347,1,barra do mendes,13987,13987,0,4120,1913,2207,6239,103,387,555,625,3715,854,2029,2574,3498,0.63,0.578,0.784,0.553
290310,42,0,15,35.714285714285715,0,barra do rocha,6313,6313,0,1819,1061,758,3791,50,278,338,340,2324,461,5306,7866,4708,0.58,0.585,0.705,0.465
290320,760,7,315,41.44736842105263,6,barreiras,137427,137381,46,38674,34945,3729,123286,2085,8402,10748,11716,82892,7443,246696,977905,1292,0.721,0.695,0.807,0.668
290323,92,0,41,44.565217391304344,1,barro alto,13612,13612,0,3992,1979,2013,6703,122,428,639,645,4063,806,6440,10334,3984,0.607,0.551,0.739,0.55
290327,65,0,25,38.46153846153847,0,barrocas,14191,14191,0,3880,1615,2265,5683,99,362,487,511,3718,506,2603,1619,3920,0.61,0.574,0.786,0.503
290330,47,0,16,34.04255319148936,0,barro preto,6453,6453,0,1957,1604,353,5293,61,294,384,531,3311,712,7889,19713,4120,0.602,0.576,0.744,0.508
290340,194,0,78,40.20618556701031,2,belmonte,21798,21798,0,6442,3404,3038,11305,146,729,1095,1195,6708,1432,14371,23278,4207,0.598,0.577,0.771,0.48
290350,154,1,53,34.41558441558442,0,belo campo,16021,16021,0,4364,2587,1777,8973,126,540,772,869,5391,1275,3066,7197,4745,0.575,0.562,0.76,0.444
290360,104,0,48,46.15384615384615,0,biritinga,14836,14836,0,4136,1099,3037,3502,59,208,305,303,2197,430,2940,2164,5341,0.54,0.525,0.738,0.402
290370,111,0,40,36.03603603603604,0,boa nova,15411,15405,6,4230,1568,2662,5788,63,316,579,626,3426,778,1920,6222,4908,0.57,0.535,0.753,0.453
290380,112,0,43,38.392857142857146,0,boa vista do tupim,17991,17989,2,4985,1876,3109,6586,122,462,583,667,3936,816,1062,1483,5190,0.551,0.514,0.729,0.447
290390,378,2,132,34.92063492063492,2,bom jesus da lapa,63480,63453,27,16411,11318,5093,42758,757,3013,4049,4062,27149,3728,17430,282848,3438,0.633,0.615,0.775,0.533
290395,57,0,25,43.859649122807014,0,bom jesus da serra,10113,10113,0,2626,801,1825,2766,50,191,268,265,1692,300,378,195,5266,0.546,0.535,0.749,0.407
290400,88,0,44,50,0,boninal,13695,13695,0,3399,1218,2181,4598,82,270,349,448,2871,578,765,3753,3866,0.612,0.564,0.789,0.514
290405,68,1,24,35.294117647058826,0,bonito,14834,14834,0,3966,1710,2256,6227,89,398,622,808,3860,450,7925,33543,5047,0.561,0.552,0.685,0.467
290410,155,0,66,42.58064516129032,1,boquira,22037,22037,0,5804,2151,3653,7350,107,394,552,654,4563,1080,5406,969,4088,0.603,0.564,0.782,0.497
290420,57,0,26,45.614035087719294,0,botuporã,11154,11154,0,2947,1177,1770,4072,43,239,328,353,2563,546,2638,2136,4753,0.575,0.543,0.754,0.464
290430,96,0,47,48.95833333333333,0,brejões,14282,14282,0,3956,1453,2503,4918,77,289,419,413,3117,603,2150,4648,4234,0.597,0.56,0.775,0.49
290440,29,1,7,24.137931034482758,0,brejolândia,11077,11077,0,3140,616,2524,1964,22,140,179,150,1193,280,384,301,4334,0.59,0.533,0.746,0.523
290450,89,0,34,38.20224719101123,0,brotas de macaúbas,10717,10710,7,3203,1021,2182,3108,42,163,267,234,1870,532,580,1569,4854,0.57,0.552,0.754,0.445
290460,457,1,218,47.70240700218819,0,brumado,64602,64602,0,18522,13110,5412,45050,610,2553,3441,3839,29659,4948,3834,8561,3001,0.66,0.63,0.807,0.554
290470,171,0,62,36.25730994152047,0,buerarema,18605,18605,0,5499,4552,947,15244,236,900,1265,1488,9256,2099,7804,9723,3853,0.613,0.604,0.772,0.495
290475,83,1,43,51.80722891566265,0,buritirama,19600,19600,0,4595,2004,2591,7897,127,531,788,952,4739,760,1930,1925,4945,0.565,0.504,0.761,0.471
290480,46,0,21,45.65217391304348,0,caatiba,11420,11420,0,2926,1350,1576,5396,79,347,452,444,3464,610,360,1326,5045,0.561,0.579,0.752,0.406
290485,100,0,43,43,2,cabaceiras do paraguaçu,17327,17327,0,4321,1225,3096,4640,79,317,523,523,2735,463,2972,7600,4622,0.581,0.525,0.763,0.49
290490,235,0,107,45.53191489361702,0,cachoeira,32026,32008,18,9311,4963,4348,16311,190,891,1277,1568,10581,1804,1240,5183,3175,0.647,0.615,0.762,0.577
290500,126,1,50,39.682539682539684,0,caculé,22236,22236,0,6339,3958,2381,13296,177,684,1004,1201,8483,1747,1608,4517,3360,0.637,0.621,0.769,0.541
290510,62,0,27,43.54838709677419,0,caém,10368,10368,0,2970,1114,1856,3652,56,251,343,419,2104,479,900,1394,5256,0.546,0.535,0.701,0.434
290515,61,0,24,39.34426229508197,0,caetanos,13639,13639,0,3210,907,2303,3272,46,219,296,254,2099,358,1141,1142,5297,0.542,0.536,0.725,0.409
290520,290,0,124,42.758620689655174,2,caetité,47515,47488,27,12795,7842,4953,28310,363,1724,2239,2463,18601,2920,3222,7632,3589,0.625,0.631,0.801,0.484
290530,92,0,40,43.47826086956522,2,cafarnaum,17209,17209,0,4742,2985,1757,10536,206,751,961,1180,6350,1088,7220,38983,4558,0.584,0.554,0.734,0.49
290540,60,2,21,35,0,cairu,15374,15239,135,4742,2437,2305,8105,138,544,757,844,5177,645,643,823,3536,0.627,0.6,0.807,0.51
290550,76,0,34,44.73684210526316,1,caldeirão grande,12491,12491,0,3534,1418,2116,4543,81,312,406,382,2802,560,1440,632,4795,0.573,0.526,0.758,0.473
290560,208,1,74,35.57692307692308,1,camacan,31472,31472,0,9067,7134,1933,24619,449,1811,2410,2579,14680,2690,8754,14371,4632,0.581,0.608,0.768,0.419
290570,1470,7,533,36.25850340136054,7,camaçari,242970,242600,370,74141,70939,3202,92690,1545,5982,7349,8506,63877,5431,1160,5705,2080,0.69,0.681,0.798,0.616
290580,228,2,85,37.280701754385966,6,camamu,35180,35180,0,9465,4355,5110,15575,333,1286,1622,1772,9201,1361,19130,30513,4949,0.565,0.562,0.71,0.452
290590,111,0,35,31.53153153153153,4,campo alegre de lourdes,28090,28090,0,7630,2345,5285,8108,148,560,704,852,4957,887,6100,4130,5103,0.557,0.516,0.778,0.43
290600,367,2,147,40.05449591280654,2,campo formoso,66616,66616,0,18034,7013,11021,24781,432,1523,2302,2327,15828,2369,45780,88735,4507,0.586,0.566,0.749,0.475
290610,38,1,16,42.10526315789473,1,canápolis,9410,9410,0,2558,953,1605,3218,67,248,298,316,1916,373,1212,2375,4952,0.565,0.531,0.732,0.463
290620,152,0,54,35.526315789473685,1,canarana,24067,24067,0,6985,3437,3548,11410,164,752,1139,1167,6916,1272,8980,23275,4488,0.59,0.555,0.734,0.496
290630,220,2,80,36.36363636363637,1,canavieiras,32336,32200,136,9780,7733,2047,25807,354,1549,2388,2628,15765,3123,7967,33418,4411,0.59,0.596,0.796,0.434
290640,70,1,29,41.42857142857143,0,candeal,8895,8895,0,2560,1028,1532,3466,41,181,277,339,2148,480,530,94,4491,0.59,0.554,0.787,0.465
290650,504,4,183,36.30952380952381,3,candeias,83158,83158,0,24971,22901,2070,67850,1101,3831,5169,6195,46248,5306,58,177,2163,0.691,0.652,0.823,0.616
290660,80,0,34,42.5,0,candiba,13210,13210,0,3680,2216,1464,7716,101,434,633,621,4876,1051,2747,2026,4392,0.591,0.578,0.743,0.481
290670,199,0,94,47.23618090452261,1,cândido sales,27918,27918,0,7887,5508,2379,19272,316,1232,1734,1891,11840,2259,2353,3321,4143,0.601,0.565,0.798,0.482
290680,238,0,107,44.957983193277315,1,cansanção,32908,32908,0,8995,3298,5697,11008,177,694,992,1062,6702,1381,6100,3726,5106,0.557,0.53,0.745,0.438
290682,90,0,39,43.333333333333336,1,canudos,15732,15732,0,4283,2388,1895,8616,164,622,854,914,5152,910,1971,13639,5016,0.562,0.554,0.707,0.453
290685,83,0,33,39.75903614457831,0,capela do alto alegre,11527,11527,0,3763,1897,1866,5591,63,341,476,475,3379,857,622,291,4169,0.599,0.582,0.77,0.48
290687,207,0,84,40.57971014492754,2,capim grosso,26577,26563,14,8377,6957,1420,21650,363,1477,1903,1995,13546,2366,510,232,3680,0.621,0.62,0.752,0.514
290689,63,0,29,46.03174603174603,0,caraíbas,10222,10222,0,2917,757,2160,2499,38,160,241,241,1506,313,2201,5231,5145,0.555,0.57,0.739,0.405
290690,151,0,57,37.74834437086093,2,caravelas,21414,21414,0,6140,3437,2703,11244,174,741,1101,1112,6939,1177,5469,46336,3782,0.616,0.626,0.791,0.473
290700,41,0,17,41.46341463414634,0,cardeal da silva,8899,8899,0,2393,827,1566,2892,52,196,267,323,1772,282,480,1266,5179,0.552,0.523,0.735,0.437
290710,145,0,60,41.37931034482759,2,carinhanha,28380,28380,0,7316,3397,3919,12545,198,951,1318,1400,7477,1201,5186,16429,4725,0.58,0.525,0.763,0.477
290720,386,2,148,38.34196891191709,1,casa nova,64940,64920,20,17100,9692,7408,37467,735,2894,3899,3895,22909,3135,9390,283054,4859,0.57,0.577,0.736,0.435
290730,209,0,90,43.0622009569378,0,castro alves,25408,25408,0,7221,4578,2643,15657,213,959,1317,1442,9896,1830,1537,4450,3847,0.613,0.591,0.774,0.504
290740,8,1,4,50,0,catolândia,2612,2612,0,763,282,481,966,17,63,90,97,587,112,389,505,4596,0.58,0.554,0.786,0.452
290750,317,1,129,40.694006309148264,0,catu,51077,51033,44,15190,12765,2425,42694,598,2418,3137,3568,29141,3832,845,9384,2521,0.677,0.66,0.814,0.578
290755,53,0,30,56.60377358490566,0,caturama,8843,8843,0,2411,664,1747,2369,26,140,184,153,1519,347,1823,2873,4837,0.57,0.543,0.77,0.446
290760,110,0,43,39.09090909090909,1,central,17013,17013,0,4950,2413,2537,8149,141,602,802,846,4828,930,8426,3988,4238,0.596,0.54,0.728,0.538
290770,73,1,40,54.794520547945204,1,chorrochó,10734,10734,0,2744,714,2030,2623,59,179,270,262,1586,267,284,930,4160,0.6,0.552,0.779,0.503
290780,212,0,89,41.9811320754717,0,cícero dantas,32300,32300,0,10192,5707,4485,17678,224,996,1397,1603,11107,2351,12697,10679,4526,0.585,0.59,0.712,0.477
290790,101,0,45,44.554455445544555,1,cipó,15755,15752,3,4432,3291,1141,11270,185,732,1057,1108,6907,1281,1229,1165,4128,0.601,0.589,0.744,0.496
290800,206,1,88,42.71844660194174,0,coaraci,20964,20964,0,6494,5914,580,19110,226,1154,1671,1716,11399,2944,5711,17803,3862,0.613,0.615,0.762,0.491
290810,84,1,26,30.952380952380953,2,cocos,18153,18153,0,4867,2397,2470,8542,139,594,785,768,5273,983,38123,206575,4249,0.596,0.558,0.805,0.471
290820,133,0,58,43.609022556390975,0,conceição da feira,20391,20391,0,5673,3644,2029,13111,188,873,1163,1233,8425,1229,533,2497,3428,0.634,0.606,0.766,0.548
290830,136,0,68,50,0,conceição do almeida,17889,17889,0,5105,2330,2775,7892,91,392,589,706,5183,931,1294,3197,4023,0.606,0.578,0.805,0.479
290840,365,0,149,40.821917808219176,4,conceição do coité,62040,62040,0,18551,11340,7211,36238,554,2310,3134,3223,23166,3851,15783,30871,3886,0.611,0.587,0.752,0.517
290850,204,0,78,38.23529411764706,0,conceição do jacuípe,30123,30123,0,8918,6987,1931,23503,341,1404,1877,1977,15536,2368,1150,5870,2831,0.66,0.63,0.799,0.579
290860,123,1,58,47.15447154471545,2,conde,23620,23609,11,6158,3289,2869,11992,186,771,1260,1381,7159,1235,14122,83043,5059,0.56,0.551,0.705,0.451
290870,131,0,57,43.51145038167939,0,condeúba,16898,16898,0,4699,2177,2522,7461,100,457,643,707,4508,1046,1944,1422,4590,0.58,0.559,0.789,0.447
290880,32,0,11,34.375,0,contendas do sincorá,4663,4663,0,1355,705,650,2269,29,137,173,214,1388,328,1133,5154,4705,0.58,0.579,0.695,0.477
290890,171,0,79,46.198830409356724,0,coração de maria,22401,22401,0,6231,2743,3488,9369,135,573,744,917,6018,982,2350,8375,4345,0.59,0.558,0.762,0.489
290900,55,0,24,43.63636363636363,0,cordeiros,8168,8168,0,2212,749,1463,2551,35,136,223,242,1581,334,1140,1520,4655,0.579,0.561,0.763,0.454
290910,79,0,42,53.16455696202531,0,coribe,14307,14307,0,4250,1869,2381,6135,92,396,549,616,3652,830,1160,6496,4147,0.6,0.545,0.807,0.491
290920,92,0,31,33.69565217391305,1,coronel joão sá,17066,17066,0,4896,2128,2768,7031,130,490,640,806,4246,719,12600,1424,5361,0.535,0.545,0.716,0.392
290930,173,0,87,50.28901734104046,2,correntina,31249,31249,0,8772,3798,4974,12554,192,754,1069,1194,7908,1437,251218,903149,4084,0.603,0.575,0.792,0.481
290940,86,0,31,36.04651162790697,0,cotegipe,13636,13636,0,3770,1906,1864,6610,100,435,630,664,3988,793,4431,10003,4402,0.59,0.545,0.746,0.504
290950,39,0,20,51.28205128205128,0,cravolândia,5041,5041,0,1469,935,534,3175,33,208,306,270,1955,403,218,453,4180,0.599,0.559,0.765,0.503
290960,139,0,53,38.1294964028777,2,crisópolis,20046,20046,0,6026,2750,3276,8586,115,462,776,861,5090,1282,6827,22501,5289,0.54,0.542,0.765,0.387
290970,70,1,35,50,0,cristópolis,13280,13280,0,3727,919,2808,3129,55,174,254,308,1998,340,3740,6878,3826,0.614,0.546,0.766,0.553
290980,411,1,200,48.661800486618006,1,cruz das almas,58606,58533,73,17246,14835,2411,49772,666,2719,3743,4187,33474,4983,2505,9198,1943,0.7,0.659,0.796,0.65
290990,197,0,72,36.54822335025381,0,curaçá,32168,32168,0,8690,3776,4914,13705,279,1016,1317,1481,8274,1338,4405,44305,4617,0.581,0.544,0.778,0.463
291000,62,0,30,48.38709677419355,1,dário meira,12836,12836,0,3395,1391,2004,5085,80,341,445,497,3143,579,3733,7419,5327,0.54,0.522,0.771,0.392
291005,421,1,159,37.76722090261283,0,dias d'ávila,66440,66381,59,19957,18758,1199,62343,1073,4482,5586,5896,41469,3837,88,339,2537,0.68,0.651,0.811,0.584
291010,70,0,30,42.857142857142854,2,dom basílio,11355,11355,0,2978,630,2348,2237,26,135,194,188,1436,258,3185,28795,4377,0.591,0.547,0.783,0.482
291020,32,1,12,37.5,0,dom macedo costa,3874,3874,0,1182,579,603,1761,30,96,128,155,1116,236,375,2607,3455,0.632,0.598,0.795,0.531
291030,56,0,26,46.42857142857143,0,elísio medrado,7947,7947,0,2568,1097,1471,3245,49,202,258,262,1980,494,1017,2525,3643,0.623,0.59,0.777,0.527
291040,133,1,52,39.097744360902254,0,encruzilhada,23766,23766,0,6648,1470,5178,4193,50,242,301,371,2734,495,14718,36898,5280,0.544,0.533,0.754,0.4
291050,277,1,122,44.04332129963899,1,entre rios,39872,39817,55,11091,6627,4464,23777,386,1572,2213,2642,15032,1932,6840,31644,3818,0.615,0.602,0.785,0.492
291060,217,2,92,42.3963133640553,1,esplanada,32802,32802,0,8677,5558,3119,20734,355,1478,2075,2415,12532,1879,9215,44055,4416,0.589,0.589,0.74,0.469
291070,390,3,156,40,2,euclides da cunha,56289,56289,0,15685,7902,7783,27352,449,1786,2216,2563,16999,3339,26472,16116,4916,0.57,0.565,0.749,0.43
291072,779,6,295,37.869062901155324,2,eunápolis,100196,100143,53,29570,27585,1985,93118,1569,6201,8332,9312,60085,7619,10150,89988,2523,0.677,0.687,0.791,0.572
291075,105,1,41,39.04761904761905,1,fátima,17652,17652,0,5270,2238,3032,6905,81,350,512,645,4339,978,16616,18059,5072,0.56,0.554,0.686,0.459
291077,24,0,10,41.66666666666667,0,feira da mata,6184,6184,0,1743,931,812,3222,59,200,291,314,1988,370,1240,2482,4462,0.588,0.527,0.763,0.505
291080,3804,9,1633,42.92849631966351,19,feira de santana,556642,556393,249,163037,150573,12464,471066,7060,26735,36623,40110,320002,40536,14210,3350,1567,0.71,0.71,0.82,0.619
291085,91,0,32,35.16483516483517,0,filadélfia,16740,16740,0,4797,2714,2083,9012,146,605,785,821,5500,1155,2248,486,4962,0.565,0.553,0.726,0.45
291090,39,0,24,61.53846153846154,0,firmino alves,5384,5384,0,1613,1290,323,4319,61,281,397,400,2604,576,0,0,4687,0.578,0.596,0.699,0.464
291100,71,0,29,40.845070422535215,0,floresta azul,10660,10660,0,3038,2121,917,7325,120,443,638,709,4305,1110,2066,2388,5114,0.557,0.548,0.731,0.431
291110,127,0,44,34.645669291338585,2,formosa do rio preto,22528,22505,23,5596,3478,2118,13611,226,1011,1312,1478,8523,1061,484179,1783585,3737,0.618,0.576,0.763,0.536
291120,185,0,71,38.37837837837838,0,gandu,30336,30336,0,9286,7588,1698,24760,386,1706,2251,2291,15873,2253,9384,29424,3456,0.632,0.645,0.771,0.508
291125,32,0,16,50,0,gavião,4561,4561,0,1388,814,574,2523,17,139,230,209,1550,378,430,165,4170,0.599,0.566,0.747,0.508
291130,65,0,28,43.07692307692308,0,gentio do ouro,10622,10622,0,2981,1526,1455,5348,73,310,514,604,3087,760,838,1448,5080,0.56,0.523,0.743,0.45
291140,110,0,39,35.45454545454545,3,glória,15076,15076,0,4104,826,3278,2813,28,180,228,271,1841,265,1879,9032,4318,0.593,0.563,0.775,0.479
291150,46,0,17,36.95652173913043,0,gongogi,8357,8357,0,2254,1500,754,5334,63,337,471,533,3229,701,1285,3347,4737,0.58,0.543,0.773,0.456
291160,144,1,60,41.66666666666667,1,governador mangabeira,19818,19810,8,5420,2187,3233,7408,95,434,582,644,4811,842,3182,18192,3250,0.643,0.594,0.754,0.594
291165,56,0,29,51.78571428571429,0,guajeru,10412,10412,0,2665,602,2063,2070,33,109,170,161,1265,332,845,499,4877,0.569,0.548,0.77,0.437
291170,519,0,224,43.15992292870906,2,guanambi,78833,78833,0,22330,17952,4378,62382,905,3603,4859,5218,41554,6243,4770,7334,2620,0.67,0.663,0.789,0.584
291180,116,2,38,32.758620689655174,0,guaratinga,22165,22165,0,6747,3106,3641,10386,154,684,974,1086,6171,1317,6331,27588,5083,0.56,0.559,0.766,0.406
291185,92,0,40,43.47826086956522,1,heliópolis,13192,13192,0,3836,1730,2106,5413,61,311,430,534,3317,760,5361,2607,4993,0.563,0.547,0.748,0.437
291190,189,0,74,39.15343915343915,0,iaçu,25736,25726,10,7371,5889,1482,20124,315,1337,1909,2274,11832,2457,737,6206,4775,0.574,0.588,0.697,0.461
291200,65,0,29,44.61538461538462,1,ibiassucê,10062,10062,0,2799,1351,1448,4706,57,268,368,371,3027,615,1675,2458,3893,0.611,0.608,0.789,0.476
291210,180,0,66,36.666666666666664,1,ibicaraí,24272,24272,0,7587,5618,1969,17830,190,986,1545,1670,10707,2732,2774,3817,3593,0.625,0.609,0.764,0.524
291220,79,0,31,39.24050632911392,0,ibicoara,17282,17282,0,4759,3143,1616,10917,255,939,1054,1087,7034,548,7045,196218,4382,0.591,0.583,0.731,0.484
291230,110,0,44,40,0,ibicuí,15785,15785,0,4831,3627,1204,11860,163,705,1079,1077,7197,1639,871,1950,4554,0.584,0.586,0.78,0.435
291240,96,0,43,44.79166666666667,0,ibipeba,17008,17008,0,4948,2954,1994,10018,151,611,951,933,6210,1162,6289,23866,3789,0.616,0.577,0.744,0.545
291250,83,0,36,43.373493975903614,0,ibipitanga,14171,14171,0,3791,1458,2333,5153,70,296,413,478,3289,607,703,440,4553,0.584,0.553,0.757,0.475
291260,20,0,11,55.00000000000001,0,ibiquera,4866,4866,0,1402,724,678,2457,28,155,240,254,1427,353,418,539,5499,0.511,0.517,0.771,0.335
291270,149,0,59,39.59731543624161,0,ibirapitanga,22598,22598,0,6377,1723,4654,6154,98,462,655,751,3495,693,18809,35092,5085,0.56,0.561,0.748,0.415
291280,49,0,20,40.816326530612244,0,ibirapuã,7956,7949,7,2466,1424,1042,4521,64,295,407,404,2782,569,10885,67580,3841,0.614,0.641,0.774,0.467
291290,163,1,69,42.331288343558285,0,ibirataia,18943,18943,0,5586,4620,966,15716,255,994,1270,1459,9637,2101,9243,15439,4720,0.58,0.571,0.789,0.424
291300,98,0,50,51.02040816326531,0,ibitiara,15508,15508,0,4214,1064,3150,3426,42,185,268,283,2212,436,1185,1651,4517,0.585,0.55,0.744,0.49
291310,112,0,42,37.5,0,ibititá,17840,17840,0,5229,2478,2751,8310,147,536,743,809,5076,999,7110,20303,4112,0.602,0.554,0.747,0.527
291320,203,1,78,38.42364532019704,7,ibotirama,25424,25424,0,7035,5548,1487,19424,329,1283,1694,1945,12218,1955,2226,1494,3388,0.636,0.601,0.78,0.548
291330,36,0,18,50,1,ichu,5255,5255,0,1565,1010,555,3365,46,207,283,311,2099,419,358,65,3472,0.631,0.58,0.771,0.562
291340,92,0,46,50,0,igaporã,15205,15205,0,3975,2147,1828,7858,145,442,618,667,5037,949,1222,1487,3820,0.614,0.586,0.766,0.516
291345,55,0,24,43.63636363636363,0,igrapiúna,13343,13343,0,3576,1196,2380,4257,63,301,424,539,2567,363,13256,28209,4767,0.574,0.565,0.789,0.424
291350,169,2,62,36.68639053254438,1,iguaí,25705,25705,0,7462,4275,3187,14538,207,954,1318,1409,8726,1924,2474,5172,5174,0.552,0.559,0.786,0.382
291360,1350,7,555,41.11111111111111,8,ilhéus,184236,183820,416,56176,47273,8903,130282,1764,7405,10126,11631,85366,13990,46359,97843,2183,0.69,0.688,0.808,0.59
291370,248,1,104,41.935483870967744,1,inhambupe,36306,36306,0,10162,4683,5479,15591,259,1031,1430,1588,9642,1641,19539,82449,4948,0.565,0.556,0.757,0.429
291380,113,0,52,46.017699115044245,0,ipecaetá,15331,15331,0,3842,759,3083,2630,36,140,205,239,1618,392,5412,1912,5198,0.55,0.506,0.776,0.424
291390,380,3,147,38.68421052631579,0,ipiaú,44390,44390,0,13079,11851,1228,40187,629,2362,3302,3639,25630,4625,5627,9409,2672,0.67,0.687,0.796,0.551
291400,413,2,171,41.404358353510894,2,ipirá,59343,59343,0,17102,8897,8205,28959,414,1871,2553,2730,17985,3406,2250,470,5209,0.55,0.568,0.748,0.39
291410,82,1,34,41.46341463414634,1,ipupiara,9285,9285,0,2736,1778,958,5969,93,349,462,518,3637,910,1236,1828,4412,0.59,0.558,0.736,0.499
291420,36,1,15,41.66666666666667,0,irajuba,7002,7002,0,2115,1008,1107,3273,39,224,300,366,1907,437,699,3189,4723,0.58,0.544,0.776,0.453
291430,52,0,18,34.61538461538461,0,iramaia,11990,11990,0,3243,1527,1716,5392,103,350,496,569,3221,653,1067,2399,4839,0.57,0.543,0.74,0.463
291440,152,0,64,42.10526315789473,1,iraquara,22601,22601,0,6123,1968,4155,6746,121,446,661,719,4128,671,5634,27193,4171,0.599,0.548,0.749,0.523
291450,201,0,92,45.77114427860697,0,irará,27466,27466,0,7821,3382,4439,11161,157,684,915,1025,7121,1259,10795,12219,3709,0.62,0.587,0.809,0.501
291460,460,3,169,36.73913043478261,4,irecê,66181,66181,0,19667,18132,1535,60828,913,3983,5305,5928,39713,4986,2095,2805,2167,0.691,0.661,0.776,0.643
291465,205,0,74,36.09756097560975,0,itabela,28390,28374,16,7992,5960,2032,21160,409,1603,2185,2413,12826,1724,7288,71116,4186,0.599,0.614,0.751,0.465
291470,450,0,182,40.44444444444444,2,itaberaba,61631,61631,0,17774,14074,3700,48344,675,3129,4300,4510,30650,5080,2334,27998,3707,0.62,0.638,0.769,0.485
291480,1627,12,685,42.1020282728949,11,itabuna,204667,204514,153,63130,61630,1499,198171,2717,10664,14986,16676,131433,21695,7553,6307,1562,0.71,0.695,0.807,0.643
291490,108,1,35,32.407407407407405,1,itacaré,24318,24192,126,6849,3964,2885,13281,242,1113,1366,1419,8303,838,18600,37316,4588,0.583,0.594,0.807,0.413
291500,68,0,23,33.82352941176471,1,itaeté,14924,14918,6,4093,1779,2314,6186,101,456,624,675,3578,752,1644,2322,4811,0.57,0.536,0.719,0.485
291510,113,0,49,43.36283185840708,0,itagi,13051,13051,0,3706,2896,810,10202,146,603,913,1103,6023,1414,5751,12594,5291,0.54,0.543,0.694,0.426
291520,92,0,29,31.521739130434785,0,itagibá,15193,15193,0,4272,2629,1643,9519,150,555,799,814,5913,1288,3917,5345,4442,0.589,0.566,0.77,0.469
291530,63,0,30,47.61904761904761,1,itagimirim,7110,7110,0,2170,1715,455,5643,77,356,544,567,3373,726,324,1490,3425,0.634,0.602,0.821,0.516
291535,66,0,25,37.878787878787875,1,itaguaçu da bahia,13209,13209,0,3544,740,2804,2591,44,182,222,263,1612,268,1375,5631,5022,0.562,0.55,0.74,0.435
291540,39,0,16,41.02564102564102,1,itaju do colônia,7309,7309,0,1588,1212,376,5857,95,427,625,589,3372,749,1157,1388,4357,0.59,0.57,0.724,0.502
291550,176,0,63,35.79545454545455,1,itajuípe,21081,21081,0,6414,5087,1327,16830,231,977,1366,1546,10505,2205,15101,28582,4189,0.599,0.609,0.759,0.466
291560,474,4,190,40.08438818565401,4,itamaraju,63069,63058,11,18695,14690,4005,49520,786,3140,4545,4878,31043,5128,17769,188823,3535,0.627,0.641,0.767,0.502
291570,42,0,17,40.476190476190474,0,itamari,7903,7903,0,2400,1751,649,5805,109,408,563,585,3452,688,5419,13845,4689,0.578,0.595,0.713,0.454
291580,186,0,65,34.946236559139784,1,itambé,23089,23089,0,6149,5155,994,19651,258,1219,1921,1992,11925,2336,1627,4495,4691,0.578,0.589,0.75,0.436
291590,30,1,15,50,0,itanagra,7598,7598,0,2167,661,1506,2324,36,149,259,221,1453,206,180,767,4551,0.584,0.577,0.796,0.433
291600,154,0,59,38.311688311688314,2,itanhém,20216,20216,0,6250,4354,1896,14179,175,759,1110,1389,8584,2162,2711,22186,3370,0.637,0.624,0.79,0.525
291610,145,0,48,33.10344827586207,1,itaparica,20725,20685,40,6364,6364,NA,19132,265,1139,1616,1925,12289,1898,17,118,2670,0.67,0.657,0.826,0.553
291620,86,1,45,52.32558139534884,0,itapé,10995,10995,0,3343,2211,1132,7156,116,449,603,639,4408,941,836,901,4194,0.599,0.574,0.761,0.491
291630,78,0,29,37.17948717948718,0,itapebi,10495,10489,6,3033,2359,674,8242,156,562,874,976,4816,858,1806,4308,4814,0.57,0.568,0.718,0.458
291640,523,3,227,43.40344168260038,2,itapetinga,68273,68255,18,19304,18677,627,66156,1017,4112,5549,5958,42585,6935,8,100,2751,0.667,0.667,0.79,0.562
291650,180,0,66,36.666666666666664,2,itapicuru,32261,32261,0,9057,2069,6988,6665,110,462,612,689,3968,824,18741,53982,5548,0.486,0.505,0.711,0.319
291660,55,0,27,49.09090909090909,0,itapitanga,10207,10207,0,2763,1976,787,7553,102,504,662,728,4641,916,1784,4095,4832,0.57,0.536,0.764,0.454
291670,64,0,21,32.8125,0,itaquara,7678,7678,0,2232,1390,842,4601,75,291,343,472,2811,609,232,1005,5163,0.55,0.539,0.763,0.411
291680,109,1,42,38.53211009174312,0,itarantim,18539,18539,0,5336,4276,1060,15281,223,911,1349,1442,9423,1933,26,89,3918,0.61,0.608,0.766,0.487
291685,90,0,41,45.55555555555556,1,itatim,14522,14522,0,4189,2974,1215,10082,183,674,939,956,6296,1034,285,282,4600,0.58,0.55,0.782,0.459
291690,102,0,48,47.05882352941176,0,itiruçu,12693,12683,10,3809,2882,927,9509,120,566,833,895,5828,1267,684,4424,4154,0.6,0.588,0.762,0.482
291700,190,0,79,41.578947368421055,2,itiúba,36113,36113,0,10021,2879,7142,9689,138,609,929,980,5821,1212,8637,1850,5286,0.544,0.521,0.775,0.398
291710,128,1,45,35.15625,2,itororó,19914,19914,0,5960,5360,600,18067,245,1139,1571,1675,10974,2463,1681,1993,4295,0.594,0.598,0.739,0.474
291720,125,0,53,42.4,0,ituaçu,18127,18127,0,4986,1912,3074,7126,120,461,591,628,4447,879,5961,38163,4864,0.57,0.565,0.77,0.425
291730,161,1,65,40.37267080745342,0,ituberá,26591,26581,10,7445,5482,1963,19144,290,1336,1782,1879,11988,1869,12990,29477,4012,0.606,0.601,0.769,0.482
291733,46,1,19,41.30434782608695,0,NA,NA,NA,NA,NA,NA,NA,NA,NA,NA,NA,NA,NA,NA,NA,NA,NA,NA,NA,NA,NA
291735,49,0,15,30.612244897959183,1,jaborandi,8973,8973,0,2648,933,1715,3036,45,166,207,329,1895,394,134736,371275,3854,0.613,0.572,0.791,0.508
291740,86,0,36,41.86046511627907,0,jacaraci,13651,13651,0,3685,1415,2270,4913,55,281,389,417,3110,661,2026,3793,4316,0.593,0.573,0.741,0.49
291750,594,1,250,42.08754208754209,5,jacobina,79247,79177,70,24918,17808,7110,55759,828,3363,4354,5070,36209,5935,4560,7260,3147,0.649,0.636,0.772,0.558
291760,360,1,172,47.77777777777778,2,jaguaquara,51011,51005,6,14195,11054,3141,38774,628,2677,3716,4033,23167,4553,2813,12852,4643,0.58,0.586,0.747,0.446
291770,217,0,90,41.474654377880185,2,jaguarari,30343,30343,0,9098,5061,4037,16563,255,1017,1395,1528,10753,1615,5604,563,2930,0.659,0.644,0.806,0.551
291780,95,0,37,38.94736842105263,0,jaguaripe,16467,16467,0,4644,1486,3158,5175,78,317,461,609,3124,586,3179,13872,5123,0.556,0.552,0.763,0.407
291790,61,0,28,45.90163934426229,0,jandaíra,10331,10331,0,2706,1643,1063,6105,110,447,621,761,3573,593,5845,29189,5203,0.55,0.511,0.749,0.435
291800,1154,0,482,41.76776429809358,6,jequié,151895,151856,39,45348,41689,3659,138570,1920,8398,10877,11904,89791,15680,10464,25181,2800,0.665,0.656,0.79,0.568
291810,230,0,95,41.30434782608695,0,jeremoabo,37680,37680,0,10795,5242,5553,17360,265,1118,1617,1708,10595,2057,6798,8337,5244,0.547,0.561,0.689,0.424
291820,89,0,37,41.57303370786517,0,jiquiriçá,14118,14118,0,3992,1705,2287,5576,80,339,481,517,3507,652,6188,15886,5159,0.55,0.558,0.763,0.397
291830,105,0,46,43.80952380952381,0,jitaúna,14115,14107,8,4137,2707,1430,9231,126,543,821,861,5646,1234,7451,26376,4759,0.575,0.563,0.704,0.479
291835,148,0,55,37.16216216216216,3,joão dourado,22549,22549,0,6257,3716,2541,13713,230,1055,1403,1447,8356,1222,4941,12473,4312,0.593,0.573,0.709,0.513
291840,1323,2,567,42.857142857142854,12,juazeiro,197965,197936,29,55115,45048,10067,160520,2858,11101,14804,15432,103844,12481,31714,480692,2508,0.677,0.657,0.796,0.594
291845,57,0,23,40.35087719298245,2,jucuruçu,10290,10290,0,3009,717,2292,2276,25,120,180,242,1449,260,3993,23310,5313,0.541,0.508,0.751,0.415
291850,114,0,49,42.98245614035088,0,jussara,15052,15052,0,4191,2817,1374,10047,170,725,979,1033,5938,1202,4352,1714,4835,0.57,0.544,0.72,0.476
291855,54,0,22,40.74074074074074,0,jussari,6474,6471,3,2008,1504,504,4867,70,270,450,531,2871,675,2352,4438,4904,0.57,0.577,0.699,0.451
291860,81,1,40,49.382716049382715,1,jussiape,8031,8031,0,2382,958,1424,3066,39,138,201,239,1884,565,1030,8729,4101,0.602,0.6,0.736,0.493
291870,27,0,13,48.148148148148145,0,lafaiete coutinho,3901,3901,0,1249,706,543,2104,37,105,144,174,1296,348,896,2930,4178,0.599,0.576,0.771,0.483
291875,56,0,25,44.642857142857146,1,lagoa real,13934,13934,0,3312,769,2543,2806,48,164,233,250,1790,321,675,1589,5270,0.545,0.535,0.764,0.395
291880,151,1,53,35.099337748344375,1,laje,22201,22201,0,6385,1829,4556,5794,86,350,498,553,3708,599,8431,64574,4496,0.586,0.548,0.764,0.48
291890,36,0,14,38.88888888888889,1,lajedão,3733,3733,0,1219,673,546,2069,27,122,157,176,1269,318,3731,15041,3457,0.632,0.652,0.778,0.497
291900,17,0,9,52.94117647058824,0,lajedinho,3936,3936,0,1119,355,764,1243,17,73,103,124,797,129,183,524,5254,0.546,0.522,0.753,0.413
291905,45,1,18,40,0,lajedo do tabocal,8305,8305,0,2440,1520,920,5144,74,344,494,541,3053,638,1763,9851,4549,0.584,0.545,0.764,0.479
291910,53,1,24,45.28301886792453,0,lamarão,9560,9560,0,2459,625,1834,2081,27,125,193,221,1253,262,2073,251,5472,0.518,0.501,0.747,0.372
291915,166,0,67,40.36144578313253,0,lapão,25646,25646,0,7326,2928,4398,10036,156,719,910,992,6276,983,3961,14648,4244,0.596,0.55,0.755,0.51
291920,1127,7,450,39.92901508429459,2,lauro de freitas,163449,162510,939,49533,49533,NA,151542,2199,8813,11662,13234,104619,11015,14,47,482,0.754,0.781,0.827,0.663
291930,58,0,20,34.48275862068966,0,lençóis,10368,10327,41,3023,2383,640,7915,138,615,726,798,4983,655,1402,4736,3645,0.623,0.613,0.775,0.51
291940,78,0,35,44.871794871794876,0,licínio de almeida,12311,12311,0,3485,1869,1616,6253,92,405,532,533,3858,833,1848,4257,3686,0.621,0.582,0.775,0.531
291950,237,2,102,43.037974683544306,1,livramento de nossa senhora,42693,42693,0,11405,5825,5580,20504,282,1086,1560,1724,13352,2500,10090,58086,3896,0.611,0.587,0.793,0.491
291955,266,0,77,28.947368421052634,8,luís eduardo magalhães,60105,60072,33,17818,16421,1397,54662,1229,4282,5276,5212,37272,1391,229749,897121,1431,0.716,0.754,0.826,0.59
291960,79,0,36,45.56962025316456,0,macajuba,11229,11229,0,3331,2161,1170,6858,104,474,720,705,3929,926,766,609,5439,0.524,0.515,0.78,0.358
291970,127,2,56,44.09448818897638,2,macarani,17093,17093,0,4983,3888,1095,13622,188,872,1145,1383,8402,1632,222,654,4043,0.605,0.607,0.782,0.466
291980,252,0,123,48.80952380952381,1,macaúbas,47051,47051,0,12112,4361,7751,15391,209,862,1283,1376,9856,1805,8028,8006,3932,0.609,0.557,0.791,0.513
291990,42,0,16,38.095238095238095,0,macururé,8073,8073,0,2104,766,1338,2849,61,242,310,305,1663,268,50,12,4075,0.604,0.547,0.748,0.539
291992,103,0,43,41.74757281553398,0,madre de deus,17376,17376,0,5179,5035,144,16807,225,958,1297,1551,11511,1265,0,0,1687,0.708,0.67,0.794,0.667
291995,53,0,20,37.735849056603776,0,maetinga,7038,7038,0,1984,843,1141,2808,31,169,263,247,1730,368,631,358,5343,0.54,0.565,0.751,0.368
292000,55,0,20,36.36363636363637,0,maiquinique,8782,8782,0,2708,2079,629,6905,86,464,631,697,4247,780,132,624,4728,0.58,0.586,0.69,0.472
292010,122,0,49,40.16393442622951,0,mairi,19326,19316,10,5825,3507,2318,11095,152,626,1014,1122,6512,1669,2370,489,4817,0.57,0.575,0.744,0.438
292020,86,1,33,38.372093023255815,1,malhada,16014,16014,0,3899,1616,2283,6557,113,506,711,752,3904,571,8962,16581,5011,0.562,0.532,0.734,0.454
292030,59,0,22,37.28813559322034,0,malhada de pedras,8468,8468,0,2366,939,1427,3230,39,233,245,271,2060,382,2375,1505,4688,0.578,0.549,0.747,0.471
292040,75,0,35,46.666666666666664,2,manoel vitorino,14387,14387,0,3955,2077,1878,7355,107,487,718,812,4310,921,684,2142,4932,0.57,0.538,0.741,0.456
292045,36,0,13,36.11111111111111,0,mansidão,12592,12592,0,2824,1138,1686,4736,78,346,504,468,2846,494,1359,1455,4176,0.599,0.503,0.752,0.568
292050,178,0,77,43.258426966292134,3,maracás,24613,24613,0,7517,5425,2092,17664,230,1069,1608,1745,10768,2244,1145,9043,3989,0.607,0.577,0.747,0.519
292060,272,1,102,37.5,2,maragogipe,42815,42800,15,12103,7377,4726,24930,322,1445,1994,2181,16088,2900,2260,10655,3688,0.621,0.582,0.793,0.518
292070,77,0,26,33.76623376623377,0,maraú,19101,19057,44,5239,1007,4232,3472,62,234,338,361,2120,357,14051,32432,4324,0.593,0.643,0.801,0.404
292080,61,0,27,44.26229508196721,0,marcionílio souza,10500,10500,0,2912,1546,1366,5297,88,360,535,600,3084,630,73,154,5027,0.561,0.518,0.737,0.463
292090,83,0,28,33.734939759036145,0,mascote,14640,14640,0,4139,3241,898,11632,170,867,1177,1367,6596,1455,6020,36511,4621,0.581,0.567,0.744,0.464
292100,286,4,117,40.909090909090914,1,mata de são joão,40183,40017,166,11741,8680,3061,29751,454,1890,2517,2699,19691,2500,829,3460,2729,0.67,0.648,0.818,0.562
292105,63,0,24,38.095238095238095,2,matina,11145,11145,0,2743,917,1826,3463,48,269,323,321,2189,313,1361,1327,4818,0.57,0.538,0.74,0.469
292110,217,1,74,34.10138248847927,3,medeiros neto,21560,21560,0,6860,5377,1483,17042,245,1021,1420,1659,10407,2290,11831,37690,3600,0.625,0.626,0.777,0.501
292120,181,1,82,45.30386740331492,2,miguel calmon,26475,26475,0,8128,4916,3212,16041,277,1023,1342,1592,9753,2054,4185,3071,4500,0.586,0.571,0.745,0.472
292130,67,0,20,29.850746268656714,1,milagres,10306,10306,0,3131,2456,675,7758,114,452,656,760,4773,1003,87,305,3670,0.622,0.59,0.789,0.518
292140,85,0,28,32.94117647058823,0,mirangaba,16279,16279,0,4658,2294,2364,7469,130,458,700,800,4531,850,3781,9580,5300,0.542,0.512,0.685,0.454
292145,46,0,15,32.608695652173914,0,mirante,10507,10507,0,2788,533,2255,1809,27,124,170,182,1138,168,731,1647,5416,0.527,0.524,0.722,0.386
292150,323,1,136,42.10526315789473,1,monte santo,52338,52338,0,14505,2633,11872,8832,149,626,732,801,5403,1121,9423,5105,5512,0.506,0.515,0.699,0.359
292160,66,1,25,37.878787878787875,2,morpará,8280,8280,0,2396,1588,808,5525,85,351,560,594,3185,750,1831,546,5090,0.56,0.536,0.732,0.444
292170,254,0,99,38.976377952755904,3,morro do chapéu,35164,35154,10,9943,5799,4144,20213,383,1417,1870,2231,12088,2224,5855,29223,4456,0.588,0.554,0.766,0.478
292180,88,0,40,45.45454545454545,0,mortugaba,12477,12477,0,3447,1685,1762,5887,94,355,440,496,3626,876,1730,2611,3751,0.618,0.598,0.771,0.513
292190,58,0,26,44.827586206896555,0,mucugê,10545,10531,14,3068,1300,1768,4152,66,250,356,351,2691,438,9533,497021,4003,0.606,0.589,0.787,0.48
292200,205,0,79,38.53658536585366,1,mucuri,36026,36026,0,10602,8198,2404,27358,527,1947,2558,3019,17502,1805,11201,59214,2777,0.665,0.679,0.801,0.541
292205,90,1,34,37.77777777777778,1,mulungu do morro,12249,12249,0,3317,1701,1616,5913,113,405,592,654,3567,582,8550,16416,4935,0.57,0.517,0.753,0.466
292210,140,0,61,43.57142857142857,0,mundo novo,24395,24395,0,6725,3752,2973,13529,228,880,1318,1486,8127,1490,1800,4392,4413,0.59,0.606,0.791,0.429
292220,44,0,24,54.54545454545454,0,muniz ferreira,7317,7317,0,2255,1068,1187,3391,64,187,226,270,2248,396,1044,3634,3758,0.617,0.581,0.761,0.531
292225,43,0,12,27.906976744186046,0,NA,NA,NA,NA,NA,NA,NA,NA,NA,NA,NA,NA,NA,NA,NA,NA,NA,NA,NA,NA,NA
292230,227,0,108,47.57709251101321,0,muritiba,28899,28889,10,8324,5427,2897,18036,237,901,1364,1599,11750,2185,1885,5910,2906,0.66,0.629,0.796,0.573
292240,164,0,71,43.292682926829265,1,mutuípe,21449,21449,0,6504,3121,3383,9650,112,548,807,801,6215,1167,12197,24293,4136,0.601,0.618,0.751,0.467
292250,228,0,98,42.98245614035088,0,nazaré,27274,27274,0,7989,6865,1124,22804,338,1371,1639,2067,14878,2511,804,5003,3275,0.64,0.637,0.777,0.532
292260,70,1,27,38.57142857142858,2,nilo peçanha,12530,12530,0,3574,913,2661,3102,32,237,319,295,1916,303,9996,25028,5251,0.547,0.531,0.762,0.404
292265,70,0,26,37.142857142857146,0,nordestina,12371,12371,0,3327,1151,2176,3917,47,229,341,396,2371,533,4112,1189,5056,0.56,0.507,0.743,0.467
292270,86,0,36,41.86046511627907,0,nova canaã,16713,16713,0,5008,2132,2876,6850,104,390,596,601,4060,1099,2184,10452,5268,0.545,0.554,0.789,0.37
292273,62,0,25,40.32258064516129,1,nova fátima,7602,7602,0,2419,1646,773,5046,54,299,398,451,3189,655,1054,704,4228,0.597,0.575,0.738,0.501
292275,27,0,9,33.33333333333333,0,nova ibiá,6648,6648,0,2035,858,1177,2801,46,166,262,268,1778,281,5955,19751,4851,0.57,0.62,0.714,0.419
292280,64,0,34,53.125,2,nova itarana,7435,7435,0,2097,831,1266,2715,34,185,204,275,1652,365,482,1428,5442,0.524,0.508,0.729,0.389
292285,52,0,25,48.07692307692308,1,nova redenção,8034,8034,0,2125,1425,700,5227,73,300,491,525,3146,692,3011,2737,4918,0.57,0.534,0.723,0.471
292290,186,2,70,37.634408602150536,0,nova soure,24136,24136,0,6916,3582,3334,11703,201,737,1100,1221,6908,1536,3898,5386,5133,0.555,0.548,0.712,0.439
292300,277,1,115,41.51624548736462,4,nova viçosa,38556,38489,67,11204,9824,1380,33392,607,2455,3332,3585,20574,2839,3403,22888,3035,0.654,0.657,0.78,0.546
292303,72,0,26,36.11111111111111,0,novo horizonte,10673,10664,9,3113,1008,2105,3483,57,232,295,316,2206,377,1206,11479,4231,0.597,0.558,0.757,0.503
292305,67,1,24,35.82089552238806,0,novo triunfo,15051,15051,0,3649,1794,1855,7493,86,483,801,844,4564,715,2631,1224,5155,0.55,0.513,0.769,0.43
292310,152,0,63,41.44736842105263,0,olindina,24943,24943,0,7148,3848,3300,12747,185,853,1195,1224,7769,1521,3660,4550,5069,0.56,0.534,0.81,0.403
292320,141,0,54,38.297872340425535,1,oliveira dos brejinhos,21831,21831,0,6136,1925,4211,6584,101,368,595,678,3988,854,2730,1315,5156,0.55,0.533,0.747,0.427
292330,61,0,25,40.98360655737705,1,ouriçangas,8298,8298,0,2425,842,1583,2758,46,180,227,242,1815,248,373,943,3988,0.607,0.572,0.779,0.503
292335,105,1,31,29.523809523809526,3,ourolândia,16425,16425,0,4680,1829,2851,6337,127,499,678,668,3946,419,5292,1580,5061,0.56,0.547,0.701,0.459
292340,125,0,48,38.4,0,palmas de monte alto,20775,20775,0,5506,2624,2882,9829,135,582,872,952,6295,993,4132,2700,4514,0.586,0.561,0.777,0.462
292350,63,0,27,42.857142857142854,0,palmeiras,8410,8340,70,2448,1616,832,5194,84,352,517,524,3137,580,453,2742,3252,0.643,0.608,0.782,0.56
292360,113,1,53,46.902654867256636,0,paramirim,21001,21001,0,5633,2818,2815,9999,154,498,701,762,6649,1235,2211,6193,3817,0.615,0.604,0.776,0.496
292370,190,2,76,40,0,paratinga,29504,29504,0,7223,2838,4385,10885,208,877,1040,1028,6602,1130,5498,1017,4400,0.59,0.519,0.774,0.51
292380,180,0,87,48.333333333333336,1,paripiranga,27778,27778,0,8057,2919,5138,9472,114,526,671,865,5912,1384,21190,98909,4712,0.58,0.567,0.717,0.472
292390,73,1,27,36.986301369863014,0,pau brasil,10852,10847,5,2643,2252,391,7371,89,465,789,790,4288,950,4218,20118,4584,0.583,0.58,0.727,0.47
292400,764,5,317,41.49214659685864,4,paulo afonso,108396,108396,0,31292,27065,4227,93009,1529,5901,7682,8706,59671,9520,9114,3698,2576,0.674,0.678,0.789,0.572
292405,85,0,39,45.88235294117647,0,pé de serra,13752,13752,0,4073,1625,2448,5145,92,319,451,474,3171,638,664,92,4470,0.59,0.558,0.779,0.465
292410,48,0,21,43.75,0,pedrão,6876,6876,0,1880,484,1396,1714,35,94,179,141,1066,199,492,1663,4450,0.588,0.534,0.775,0.49
292420,54,0,20,37.03703703703704,0,pedro alexandre,16995,16995,0,4366,836,3530,2785,44,222,302,287,1700,230,11155,7324,5490,0.513,0.489,0.778,0.354
292430,123,0,50,40.65040650406504,0,piatã,17982,17982,0,4861,2181,2680,7610,104,491,687,716,4610,1002,1914,6953,4838,0.57,0.543,0.769,0.447
292440,142,0,51,35.91549295774648,2,pilão arcado,32860,32860,0,8218,2771,5447,11011,216,836,1209,1268,6444,1038,3810,3165,5510,0.506,0.514,0.737,0.343
292450,86,0,40,46.51162790697674,0,pindaí,15628,15628,0,4169,1245,2924,4314,63,259,357,354,2712,569,5203,2222,4089,0.603,0.566,0.777,0.498
292460,150,0,65,43.333333333333336,1,pindobaçu,20121,20121,0,6109,3355,2754,11203,172,775,1061,1117,6747,1331,1397,1256,4714,0.58,0.527,0.757,0.482
292465,68,0,26,38.23529411764706,0,pintadas,10342,10342,0,2879,1670,1209,5825,84,359,474,579,3545,784,700,96,3871,0.612,0.572,0.765,0.525
292467,41,1,17,41.46341463414634,0,piraí do norte,9799,9799,0,2659,1059,1600,3636,63,302,346,376,2233,316,7511,19456,5378,0.53,0.546,0.762,0.363
292470,70,0,28,40,2,piripá,12783,12756,27,3353,1756,1598,6152,90,328,423,482,3901,928,1070,504,4742,0.575,0.547,0.768,0.453
292480,133,0,70,52.63157894736842,0,piritiba,22399,22399,0,6676,4564,2112,15107,270,959,1410,1522,8912,2034,2268,7048,4678,0.578,0.566,0.76,0.449
292490,48,0,24,50,0,planaltino,8822,8822,0,2563,1090,1473,3618,70,211,274,366,2228,469,1247,3442,4819,0.57,0.573,0.708,0.462
292500,156,0,65,41.66666666666667,1,planalto,24481,24481,0,6896,4245,2651,14844,229,1015,1392,1482,8997,1729,3820,14732,5064,0.56,0.557,0.738,0.428
292510,362,0,159,43.92265193370166,0,poções,44701,44677,24,12907,10218,2689,34582,568,2335,3195,3311,20635,4538,3028,9621,4056,0.604,0.583,0.798,0.474
292520,205,0,85,41.46341463414634,1,pojuca,33066,33066,0,9605,8290,1315,28337,426,1714,2273,2453,19377,2094,55,432,2763,0.67,0.645,0.819,0.559
292525,96,2,40,41.66666666666667,0,ponto novo,15742,15742,0,4518,2625,1893,8367,133,507,720,819,5091,1097,2373,5984,4650,0.58,0.539,0.762,0.475
292530,811,4,282,34.77188655980271,9,porto seguro,126929,126064,865,37528,32325,5203,103240,1882,7685,10252,10778,67250,5393,10288,110753,2540,0.68,0.673,0.801,0.572
292540,62,2,22,35.483870967741936,1,potiraguá,9810,9810,0,2815,1855,960,6580,100,411,628,674,4010,757,100,447,3603,0.625,0.595,0.754,0.545
292550,182,0,66,36.26373626373626,2,prado,27627,27604,23,7599,4368,3231,15376,277,1131,1541,1681,9365,1381,14253,284851,3699,0.621,0.616,0.784,0.497
292560,100,0,45,45,0,presidente dutra,13750,13750,0,4064,2673,1391,9024,132,583,710,866,5649,1084,1939,1619,3828,0.614,0.572,0.73,0.553
292570,84,0,35,41.66666666666667,0,presidente jânio quadros,13652,13652,0,3795,1310,2485,4184,53,257,334,362,2537,641,1450,998,5304,0.542,0.533,0.772,0.386
292575,130,0,58,44.61538461538462,2,presidente tancredo neves,23846,23846,0,6548,2742,3806,9491,167,688,982,996,5864,794,11783,53069,5066,0.56,0.566,0.727,0.424
292580,172,1,79,45.93023255813954,2,queimadas,24602,24602,0,6992,3714,3278,12431,165,813,1135,1195,7439,1684,3173,519,4371,0.59,0.55,0.764,0.493
292590,142,2,58,40.845070422535215,0,quijingue,27228,27228,0,7276,1839,5437,6374,112,388,600,669,3810,795,17687,11706,5287,0.544,0.539,0.689,0.434
292593,45,0,17,37.77777777777778,0,quixabeira,9554,9554,0,3044,1251,1793,3659,48,227,314,333,2206,531,478,330,4694,0.578,0.547,0.753,0.469
292595,160,0,65,40.625,2,rafael jambeiro,22874,22874,0,6279,2079,4200,6832,100,419,632,607,4161,913,2300,70,4982,0.564,0.538,0.768,0.435
292600,224,1,97,43.30357142857143,0,remanso,38957,38957,0,10624,6361,4263,23391,407,1579,2186,2296,14372,2551,2216,2685,4663,0.579,0.569,0.757,0.451
292610,67,0,23,34.32835820895522,2,retirolândia,12055,12055,0,3688,2112,1576,6707,106,434,510,574,4287,796,3600,5390,3386,0.636,0.579,0.773,0.574
292620,139,1,56,40.28776978417266,0,riachão das neves,21937,21937,0,5923,2902,3021,10714,184,727,960,1141,6530,1172,162920,662804,4680,0.578,0.527,0.779,0.471
292630,235,0,95,40.42553191489361,1,riachão do jacuípe,33172,33172,0,10167,6165,4002,19849,248,1182,1612,1797,12636,2374,1083,1020,3521,0.628,0.588,0.755,0.559
292640,173,1,79,45.664739884393065,0,riacho de santana,30646,30646,0,8000,3646,4354,13063,211,813,1072,1093,8356,1518,8102,4461,3803,0.615,0.572,0.764,0.532
292650,70,0,29,41.42857142857143,1,ribeira do amparo,14276,14276,0,3966,562,3404,1912,27,124,177,236,1173,175,4336,28836,5494,0.512,0.503,0.694,0.384
292660,367,2,148,40.32697547683924,3,ribeira do pombal,47518,47518,0,13856,8915,4941,29716,473,1856,2671,2903,18494,3319,8945,4670,4141,0.601,0.599,0.704,0.515
292665,42,0,20,47.61904761904761,0,ribeirão do largo,8602,8602,0,2440,1315,1125,4630,60,320,511,511,2737,491,3525,11751,5326,0.54,0.566,0.759,0.366
292670,80,1,40,50,0,rio de contas,13007,13007,0,3722,1851,1871,6307,65,288,434,528,4004,988,3477,21188,4031,0.605,0.58,0.767,0.498
292680,83,0,35,42.168674698795186,0,rio do antônio,14815,14815,0,4013,1803,2210,5989,93,301,497,526,3731,841,1657,1524,4729,0.58,0.555,0.74,0.465
292690,58,0,26,44.827586206896555,0,rio do pires,11918,11918,0,3253,1545,1708,5258,86,240,351,441,3327,813,2143,2459,4308,0.594,0.568,0.767,0.481
292700,283,0,104,36.74911660777385,1,rio real,37164,37164,0,10666,6881,3785,23269,351,1529,2129,2419,14419,2422,24322,119324,4820,0.57,0.568,0.729,0.452
292710,68,0,24,35.294117647058826,0,rodelas,7775,7775,0,2066,1771,295,6514,116,524,676,705,3885,608,2315,25884,3458,0.632,0.566,0.79,0.564
292720,222,0,90,40.54054054054054,0,ruy barbosa,29887,29861,26,8778,6538,2240,22012,290,1340,2168,2252,13082,2880,586,1082,3916,0.61,0.583,0.77,0.505
292730,87,0,48,55.172413793103445,0,salinas da margarida,13456,13456,0,3842,1738,2104,5943,80,399,526,547,3799,592,57,73,3760,0.617,0.575,0.729,0.561
292740,16438,119,7460,45.382649957415744,77,salvador,2675656,2671290,4366,860309,860090,219,1955661,22808,91470,122653,143807,1376795,198128,3,51,389,0.759,0.772,0.835,0.679
292750,161,1,68,42.2360248447205,0,santa bárbara,19064,19064,0,5423,2639,2784,8657,129,547,755,910,5330,986,4100,210,4589,0.583,0.554,0.775,0.462
292760,67,0,25,37.3134328358209,1,santa brígida,15060,15060,0,4202,1677,2525,5575,109,414,516,556,3319,661,11210,3125,5255,0.546,0.533,0.71,0.431
292770,148,0,54,36.486486486486484,3,santa cruz cabrália,26264,26171,93,6768,4765,2003,15702,267,1162,1590,1678,9846,1159,8325,53076,3040,0.654,0.624,0.784,0.571
292780,40,0,16,40,0,santa cruz da vitória,6673,6673,0,1764,1337,427,5073,62,291,440,457,3151,672,313,826,3922,0.61,0.573,0.786,0.504
292790,90,1,43,47.77777777777778,0,santa inês,10363,10363,0,3240,2980,260,9494,120,532,740,963,5777,1362,128,755,4766,0.574,0.571,0.704,0.47
292800,185,0,79,42.7027027027027,2,santaluz,33838,33838,0,9487,6040,3447,20776,286,1392,1949,2019,12832,2298,14810,27977,4211,0.598,0.559,0.764,0.5
292805,94,1,32,34.04255319148936,2,santa luzia,13344,13344,0,4032,2346,1686,8026,110,517,826,878,4740,955,8609,11410,5117,0.556,0.564,0.768,0.396
292810,243,0,96,39.50617283950617,2,santa maria da vitória,40309,40296,13,11135,6814,4321,23753,364,1584,2054,2272,14984,2495,2740,9969,3842,0.614,0.592,0.758,0.516
292820,93,0,41,44.086021505376344,0,santana,24750,24741,9,6970,3917,3053,13422,194,902,1177,1244,8134,1771,5796,25835,3981,0.608,0.585,0.776,0.496
292830,69,1,38,55.072463768115945,0,santanópolis,8776,8776,0,2490,502,1988,1679,26,109,160,139,1041,204,3083,251,4331,0.59,0.561,0.746,0.496
292840,148,0,60,40.54054054054054,2,santa rita de cássia,26250,26240,10,7241,4159,3082,14828,283,1048,1357,1512,8903,1725,5052,5884,4052,0.605,0.564,0.766,0.513
292850,75,0,33,44,0,santa teresinha,NA,NA,NA,NA,NA,NA,NA,NA,NA,NA,NA,NA,NA,NA,NA,4493,0.59,0.549,0.804,0.459
292860,378,3,163,43.12169312169312,0,santo amaro,57800,57790,10,17124,13288,3836,44587,608,2498,3195,4093,29360,4833,1203,5185,3194,0.65,0.626,0.772,0.559
292870,652,1,287,44.01840490797546,4,santo antônio de jesus,90985,90962,23,27472,24202,3270,79046,1140,4578,5842,6699,53841,6946,2973,15757,1927,0.7,0.677,0.815,0.622
292880,348,1,152,43.67816091954023,0,santo estêvão,47880,47880,0,13177,7822,5355,27557,513,1878,2339,2623,17626,2578,6315,602,3583,0.626,0.611,0.808,0.498
292890,120,0,46,38.333333333333336,3,são desidério,27659,27635,24,7036,2247,4789,8621,137,611,750,884,5539,700,561402,2352668,4658,0.579,0.584,0.742,0.449
292895,53,0,26,49.056603773584904,0,são domingos,9226,9226,0,2917,1893,1024,5913,70,341,484,498,3723,797,2800,4157,3295,0.64,0.601,0.757,0.575
292900,113,0,53,46.902654867256636,1,são félix,14098,14098,0,3704,2563,1141,9253,110,468,664,854,6279,878,616,2520,3325,0.639,0.582,0.769,0.583
292905,85,0,33,38.82352941176471,0,são félix do coribe,13048,13048,0,3698,3011,687,10546,183,777,1049,1021,6510,1006,2826,13309,3324,0.639,0.601,0.784,0.555
292910,127,0,52,40.94488188976378,0,são felipe,20305,20305,0,5949,3036,2913,9820,159,567,712,888,6259,1235,2051,6705,3780,0.616,0.565,0.787,0.525
292920,215,1,99,46.04651162790698,5,são francisco do conde,33183,33183,0,9503,7797,1706,22342,345,1379,1816,2240,14954,1608,454,1622,2586,0.674,0.641,0.812,0.587
292925,107,0,42,39.25233644859813,0,são gabriel,18427,18427,0,5148,2905,2243,10453,159,713,988,1067,6439,1087,4432,2600,4370,0.59,0.55,0.704,0.537
292930,225,0,103,45.77777777777778,0,são gonçalo dos campos,33283,33283,0,9020,4660,4360,16502,243,985,1333,1508,10654,1779,3600,5775,3552,0.627,0.636,0.752,0.516
292935,50,0,19,38,0,são josé da vitória,5715,5715,0,1725,1547,178,5141,63,352,516,561,3004,645,3185,3440,5267,0.546,0.553,0.686,0.429
292937,59,0,24,40.67796610169492,0,são josé do jacuípe,10180,10180,0,3152,2256,896,6973,115,460,645,682,4143,928,460,28,5170,0.552,0.555,0.726,0.417
292940,66,0,27,40.909090909090914,0,são miguel das matas,10414,10414,0,3109,1073,2036,3349,45,191,299,343,2032,439,4164,17493,4329,0.593,0.568,0.783,0.468
292950,249,1,101,40.562248995983936,0,são sebastião do passé,42153,42153,0,12368,9689,2679,33050,495,1834,2608,3014,22168,2931,434,1843,2972,0.657,0.633,0.812,0.551
292960,125,0,47,37.6,2,sapeaçu,16585,16585,0,4791,2383,2408,8059,104,488,616,725,5186,940,2674,10201,3825,0.614,0.602,0.735,0.522
292970,111,0,46,41.44144144144144,2,sátiro dias,18964,18964,0,5180,1296,3884,4302,59,263,368,414,2658,540,6956,39196,5424,0.527,0.524,0.736,0.379
292975,91,0,29,31.868131868131865,0,saubara,11201,11196,5,3556,3472,84,10900,159,648,849,960,6955,1329,133,194,3762,0.617,0.563,0.738,0.565
292980,76,1,32,42.10526315789473,1,saúde,11845,11845,0,3548,2077,1471,6632,106,530,630,620,3938,808,1280,393,5214,0.55,0.546,0.685,0.442
292990,267,0,112,41.947565543071164,2,seabra,41798,41798,0,11497,5874,5623,20213,339,1382,1885,2024,12731,1852,4391,16331,3402,0.635,0.588,0.761,0.572
293000,44,0,19,43.18181818181818,2,sebastião laranjeiras,10371,10371,0,2643,1108,1535,4079,62,193,276,376,2689,483,2764,5476,3812,0.615,0.569,0.777,0.527
293010,535,0,225,42.05607476635514,5,senhor do bonfim,74419,74419,0,22105,17282,4823,57410,873,3590,4721,5288,36559,6379,2235,871,2765,0.67,0.638,0.773,0.599
293015,170,1,62,36.470588235294116,1,serra do ramalho,31638,31638,0,8277,1717,6560,6240,105,431,590,733,3714,667,9528,55431,4261,0.595,0.53,0.775,0.512
293020,136,0,44,32.35294117647059,3,sento sé,37425,37425,0,9193,5287,3906,21637,436,1788,2360,2373,13007,1673,1157,12501,4536,0.585,0.535,0.778,0.48
293030,81,0,30,37.03703703703704,1,serra dourada,18112,18112,0,4999,1766,3233,5995,92,415,536,544,3699,709,1670,1713,3963,0.608,0.539,0.775,0.537
293040,146,0,56,38.35616438356164,0,serra preta,15401,15401,0,4318,2039,2279,6917,95,411,614,667,4127,1003,1100,224,4939,0.57,0.541,0.732,0.459
293050,490,4,202,41.224489795918366,1,serrinha,76762,76741,21,21818,14147,7671,47035,703,2838,3808,4396,30891,4399,7615,2326,3421,0.634,0.615,0.778,0.532
293060,105,1,47,44.761904761904766,1,serrolândia,12344,12344,0,4057,2433,1624,7254,123,418,553,639,4502,1019,1375,144,4414,0.59,0.56,0.721,0.508
293070,830,5,312,37.59036144578313,4,simões filho,118047,117995,52,35077,31637,3440,107322,1743,7290,9295,10607,71583,6804,192,885,2549,0.675,0.641,0.813,0.591
293075,55,1,17,30.909090909090907,0,sítio do mato,12050,12050,0,2967,1745,1222,6854,144,527,756,758,3987,682,2227,4367,4976,0.564,0.455,0.774,0.509
293076,69,0,33,47.82608695652174,0,sítio do quinto,12592,12592,0,3786,1630,2156,5163,57,312,453,528,3125,688,9140,2452,5380,0.53,0.552,0.695,0.395
293077,133,1,45,33.83458646616541,0,sobradinho,22000,21988,12,6126,5557,569,19979,313,1332,1954,2118,12206,2056,929,8598,3477,0.631,0.605,0.748,0.555
293080,114,0,45,39.473684210526315,1,souto soares,15899,15899,0,4187,1621,2566,6022,117,394,586,701,3599,625,7381,6397,4364,0.59,0.533,0.734,0.53
293090,38,0,15,39.473684210526315,0,tabocas do brejo velho,11431,11431,0,3098,1147,1951,3926,71,271,351,347,2413,473,2375,3800,4550,0.584,0.53,0.764,0.492
293100,126,0,58,46.03174603174603,0,tanhaçu,20013,20013,0,5691,2504,3187,8277,106,490,663,727,5187,1104,2071,8182,4699,0.58,0.565,0.772,0.44
293105,101,0,43,42.57425742574257,0,tanque novo,16128,16128,0,4379,2090,2289,7297,133,478,630,647,4601,808,2744,3114,4177,0.599,0.583,0.778,0.474
293110,71,0,30,42.25352112676056,0,tanquinho,8008,8008,0,2224,1544,680,5710,69,337,498,530,3569,707,424,51,4216,0.597,0.567,0.768,0.488
293120,103,0,36,34.95145631067961,0,taperoá,18748,18721,27,5130,2481,2649,8701,155,589,807,889,5363,898,6726,16208,4940,0.57,0.566,0.754,0.426
293130,85,0,33,38.82352941176471,0,tapiramutá,16516,16516,0,4021,3093,928,12747,249,975,1214,1413,7827,1069,3280,6544,4296,0.594,0.589,0.752,0.473
293135,971,4,380,39.134912461380026,4,teixeira de freitas,138341,138161,180,41286,38484,2802,126406,2070,8322,11199,11905,82097,10813,7722,65737,2317,0.685,0.683,0.8,0.588
293140,52,0,22,42.30769230769231,0,teodoro sampaio,7895,7890,5,2456,1968,488,6298,82,318,548,575,3920,855,69,133,4290,0.594,0.567,0.774,0.477
293150,125,0,50,40,1,teofilândia,21482,21482,0,5540,1965,3575,6684,97,408,599,664,4371,545,7380,5044,4928,0.57,0.571,0.737,0.431
293160,60,0,21,35,0,teolândia,14836,14836,0,3633,1298,2335,5047,89,320,464,548,3266,360,9102,70130,5142,0.555,0.541,0.756,0.418
293170,70,0,34,48.57142857142857,0,terra nova,12803,12803,0,3614,3245,369,11475,151,660,1034,1186,7175,1269,156,928,4686,0.578,0.581,0.7,0.474
293180,105,0,48,45.714285714285715,0,tremedal,17029,17029,0,4834,1161,3673,3938,68,201,280,320,2556,513,4226,460,5410,0.528,0.545,0.749,0.36
293190,276,0,101,36.594202898550726,0,tucano,52418,52418,0,14937,6521,8416,21869,311,1351,1932,2050,13497,2728,9388,6628,4668,0.579,0.596,0.712,0.458
293200,156,0,68,43.58974358974359,1,uauá,24294,24294,0,7066,3115,3951,10746,157,680,982,1004,6649,1274,427,209,4048,0.605,0.554,0.747,0.535
293210,128,0,55,42.96875,1,ubaíra,19750,19750,0,5921,2814,3107,8800,124,529,737,775,5404,1231,7212,19207,4595,0.58,0.581,0.759,0.447
293220,147,1,69,46.93877551020408,1,ubaitaba,20691,20691,0,6062,5131,931,17362,281,1115,1547,1705,10700,2014,3863,9154,3895,0.611,0.607,0.767,0.49
293230,140,0,72,51.42857142857142,0,ubatã,25004,25004,0,6788,5184,1604,17843,247,1239,1678,1793,10619,2267,5778,8316,4320,0.593,0.586,0.788,0.452
293240,99,0,44,44.44444444444444,0,uibaí,13625,13625,0,4208,2593,1615,8298,146,453,657,728,5201,1113,4804,2763,3765,0.617,0.575,0.758,0.54
293245,63,0,22,34.92063492063492,0,umburanas,17000,17000,0,3993,1861,2132,7477,142,510,710,737,4715,663,3725,5023,5484,0.515,0.469,0.705,0.413
293250,141,0,47,33.33333333333333,1,una,24110,24036,74,7257,4417,2840,14961,219,1013,1452,1612,9161,1504,25253,57096,5062,0.56,0.584,0.71,0.424
293260,100,0,42,42,0,urandi,16466,16466,0,4486,1737,2749,5924,92,352,488,559,3778,655,2408,4066,4212,0.598,0.595,0.766,0.469
293270,141,0,61,43.262411347517734,0,uruçuca,19837,19827,10,6046,4837,1209,15713,194,971,1413,1517,9691,1927,21008,36208,3795,0.616,0.607,0.758,0.507
293280,103,1,57,55.33980582524271,0,utinga,18173,18173,0,5089,3644,1445,12773,200,904,1283,1547,7568,1271,1760,16886,4396,0.59,0.597,0.706,0.487
293290,556,5,236,42.44604316546763,3,valença,88673,88608,65,26421,19734,6687,64087,882,3661,5504,6161,42063,5816,16395,71059,3649,0.623,0.619,0.778,0.502
293300,149,1,72,48.322147651006716,1,valente,24560,24560,0,7530,4265,3265,13478,181,843,1052,1197,8847,1358,4600,14063,3371,0.637,0.623,0.729,0.568
293305,70,0,24,34.285714285714285,0,várzea da roça,13786,13786,0,4238,2141,2097,6456,88,348,528,641,3877,974,2522,3289,5338,0.539,0.539,0.775,0.374
293310,62,0,24,38.70967741935484,0,várzea do poço,8661,8661,0,2813,1877,936,5784,90,319,432,501,3613,829,2510,146,4763,0.575,0.581,0.707,0.462
293315,74,0,30,40.54054054054054,0,várzea nova,13073,13073,0,3933,2600,1333,8545,139,546,699,919,5133,1109,6441,24720,5141,0.555,0.543,0.685,0.46
293317,61,1,30,49.18032786885246,1,varzedo,9109,9109,0,2719,1083,1636,3363,47,181,283,318,2109,425,2163,10474,4509,0.586,0.581,0.753,0.461
293320,310,2,109,35.16129032258065,3,vera cruz,37567,37465,102,11816,11147,669,33550,467,1914,2950,3375,21378,3466,204,2004,3217,0.645,0.632,0.817,0.52
293325,39,0,17,43.58974358974359,0,vereda,6800,6800,0,2094,417,1677,1377,15,66,105,151,863,177,706,12936,4706,0.58,0.568,0.777,0.436
293330,2280,6,965,42.32456140350877,13,vitória da conquista,306866,306781,85,86523,77975,8548,269577,4043,16353,22405,23435,176846,26495,12501,39091,2482,0.68,0.681,0.788,0.581
293340,52,0,27,51.92307692307693,0,wagner,8983,8983,0,2470,1827,643,6471,115,378,606,700,3852,820,1203,14850,4477,0.59,0.573,0.737,0.479
293345,82,1,32,39.02439024390244,0,wanderley,12485,12485,0,3503,1721,1782,5850,92,423,515,614,3635,571,2338,10844,4149,0.6,0.569,0.764,0.498
293350,128,0,46,35.9375,1,wenceslau guimarães,22189,22189,0,6113,2126,3987,7464,133,542,745,821,4651,572,14802,126711,5279,0.544,0.558,0.752,0.383
293360,291,0,121,41.580756013745706,0,xique-xique,45536,45536,0,11637,8461,3176,32497,518,2318,3095,3620,19371,3575,1601,3395,4533,0.585,0.563,0.741,0.479
