<?xml version="1.0" encoding="UTF-8"?>
<metadata xml:lang="pt"><Esri><CreaDate>20200330</CreaDate><CreaTime>10090200</CreaTime><ArcGISFormat>1.0</ArcGISFormat><ArcGISstyle>Item Description</ArcGISstyle><SyncOnce>TRUE</SyncOnce><DataProperties><itemProps><itemLocation><linkage Sync="TRUE">file://\\P4779\C$\Users\rmsantana\Desktop\SMS\Distritos_Sanitarios</linkage><protocol Sync="TRUE">Local Area Network</protocol></itemLocation></itemProps><copyHistory><copy source="F:\BDCompartilhadas\01.BASES\2.GEOGRAFICA\1.VETORIAL\DIVISAO_TERRITORIAL\DISTRITO_SANITARIO\Distritos_Sanitarios" dest="\\P4779\C$\Users\rmsantana\Desktop\SMS\Distritos_Sanitarios" date="20200330" time="10090200"></copy></copyHistory></DataProperties></Esri></metadata>
