<?xml version="1.0" encoding="UTF-8"?>
<metadata xml:lang="pt"><Esri><CreaDate>20200330</CreaDate><CreaTime>10094700</CreaTime><ArcGISFormat>1.0</ArcGISFormat><SyncOnce>TRUE</SyncOnce><DataProperties><lineage><Process ToolSource="c:\arcgis\desktop10.5\ArcToolbox\Toolboxes\Data Management Tools.tbx\DefineProjection" Date="20171114" Time="155522">DefineProjection "\\vitoria\sistemas\BDCompartilhadas\01.BASES\2.GEOGRAFICA\1.VETORIAL\DIVISAO_TERRITORIAL\BAIRRO\BAIRRO_PMS\NOVA VERSAO\bairros_ssa_lei9278_2017.shp" PROJCS['SAD_1969_UTM_Zone_24S',GEOGCS['GCS_South_American_1969',DATUM['D_South_American_1969',SPHEROID['GRS_1967_Truncated',6378160.0,298.25]],PRIMEM['Greenwich',0.0],UNIT['Degree',0.0174532925199433]],PROJECTION['Transverse_Mercator'],PARAMETER['False_Easting',500000.0],PARAMETER['False_Northing',10000000.0],PARAMETER['Central_Meridian',-39.0],PARAMETER['Scale_Factor',0.9996],PARAMETER['Latitude_Of_Origin',0.0],UNIT['Meter',1.0]]</Process><Process ToolSource="c:\arcgis\desktop10.5\ArcToolbox\Toolboxes\Data Management Tools.tbx\Project" Date="20171114" Time="155630">Project "\\vitoria\sistemas\BDCompartilhadas\01.BASES\2.GEOGRAFICA\1.VETORIAL\DIVISAO_TERRITORIAL\BAIRRO\BAIRRO_PMS\NOVA VERSAO\bairros_ssa_lei9278_2017.shp" "\\vitoria\sistemas\BDCompartilhadas\01.BASES\2.GEOGRAFICA\1.VETORIAL\DIVISAO_TERRITORIAL\BAIRRO\BAIRRO_PMS\NOVA VERSAO\bairros_ssa_lei9278_2017_SIRGAS.shp" PROJCS['SIRGAS_2000_UTM_Zone_24S',GEOGCS['GCS_SIRGAS_2000',DATUM['D_SIRGAS_2000',SPHEROID['GRS_1980',6378137.0,298.257222101]],PRIMEM['Greenwich',0.0],UNIT['Degree',0.0174532925199433]],PROJECTION['Transverse_Mercator'],PARAMETER['False_Easting',500000.0],PARAMETER['False_Northing',10000000.0],PARAMETER['Central_Meridian',-39.0],PARAMETER['Scale_Factor',0.9996],PARAMETER['Latitude_Of_Origin',0.0],UNIT['Meter',1.0]] SAD1969_TO_SIRGAS2000_NTV2 PROJCS['SAD_1969_UTM_Zone_24S',GEOGCS['GCS_South_American_1969',DATUM['D_South_American_1969',SPHEROID['GRS_1967_Truncated',6378160.0,298.25]],PRIMEM['Greenwich',0.0],UNIT['Degree',0.0174532925199433]],PROJECTION['Transverse_Mercator'],PARAMETER['False_Easting',500000.0],PARAMETER['False_Northing',10000000.0],PARAMETER['Central_Meridian',-39.0],PARAMETER['Scale_Factor',0.9996],PARAMETER['Latitude_Of_Origin',0.0],UNIT['Meter',1.0]] NO_PRESERVE_SHAPE # NO_VERTICAL</Process></lineage><itemProps><itemLocation><linkage Sync="TRUE">file://\\P4779\C$\Users\rmsantana\Desktop\SMS\Bairros_Lei_9278_2017</linkage><protocol Sync="TRUE">Local Area Network</protocol></itemLocation></itemProps><copyHistory><copy source="F:\BDCompartilhadas\01.BASES\2.GEOGRAFICA\1.VETORIAL\DIVISAO_TERRITORIAL\BAIRRO\BAIRRO_PMS\Bairros_Lei_9278_2017" dest="\\P4779\C$\Users\rmsantana\Desktop\SMS\Bairros_Lei_9278_2017" date="20200330" time="10094700"></copy></copyHistory></DataProperties><ArcGISstyle>Item Description</ArcGISstyle></Esri></metadata>
