"","CO_MUNICIPIO_RESIDENCIA","uf_res","nu_nota_cn","nu_nota_ch","nu_nota_lc","nu_nota_mt","nu_nota_redacao"
"1",2600054,"26",468.270425321464,524.853115727003,513.904549950544,469.724085064293,509.861523244313
"2",2600104,"26",473.207157258065,522.253931451613,516.682862903226,483.735080645161,515.903225806452
"3",2600203,"26",454.773006993007,496.405734265734,485.94027972028,453.082377622378,495.762237762238
"4",2600302,"26",454.995796178344,516.37847133758,501.339108280255,458.752229299363,510.373248407643
"5",2600401,"26",449.666176470588,499.862745098039,494.809477124183,450.709150326797,482.679738562092
"6",2600500,"26",456.181448538755,508.058195679797,500.815374841169,460.266200762389,489.911054637865
"7",2600609,"26",457.932873563218,507.511954022989,499.929655172414,471.194022988506,499.724137931034
"8",2600708,"26",462.005420353982,511.466703539823,504.105199115044,456.793805309735,523.495575221239
"9",2600807,"26",470.063765182186,518.375910931174,502.558097165992,471.298785425101,520.526315789474
"10",2600906,"26",459.106557377049,500.696955503513,499.307494145199,457.208665105386,510.257611241218
"11",2601003,"26",451.836363636364,503.835757575758,486.217575757576,451.987878787879,499.030303030303
"12",2601052,"26",452.318166939444,489.413584288052,484.076104746318,439.852700490998,446.258592471358
"13",2601102,"26",478.086100676183,530.108790383171,515.519158527423,486.70007513148,534.35011269722
"14",2601201,"26",476.622605537903,534.9955969133,521.494825238311,483.515388107127,531.205628688153
"15",2601300,"26",457.222,506.8212,507.7356,459.2776,521.6
"16",2601409,"26",460.554210028382,506.057805108799,497.640775780511,458.759508041627,503.570482497635
"17",2601508,"26",463.081060606061,509.383333333333,503.433333333333,461.656818181818,505.378787878788
"18",2601607,"26",455.32402022756,505.954235145386,499.729456384324,454.982048040455,494.437420986094
"19",2601706,"26",473.074949290061,528.220638945233,519.568914807302,486.853955375254,529.129817444219
"20",2601805,"26",459.164539007092,508.928368794326,496.899290780142,466.991489361702,474.893617021277
"21",2601904,"26",471.762108655617,531.172099447514,519.90105893186,488.694981583794,532.550644567219
"22",2602001,"26",469.979303675048,518.905415860735,501.591295938104,477.398065764023,508.085106382979
"23",2602100,"26",463.291390728477,514.371274834437,504.486092715232,463.091887417219,514.53642384106
"24",2602209,"26",471.329875518672,519.865456431535,511.502697095436,474.544087136929,531.655601659751
"25",2602308,"26",460.652460732984,513.991832460733,503.073612565445,467.050785340314,499.057591623037
"26",2602407,"26",456.476767676768,525.315656565657,499.821212121212,458.881818181818,521.212121212121
"27",2602506,"26",464.8204,515.04,506.7728,465.09,510.56
"28",2602605,"26",456.292667277727,515.907974335472,504.877360219982,466.561503208066,515.116406966086
"29",2602704,"26",466.538819875776,519.474534161491,504.82950310559,453.678571428571,513.540372670807
"30",2602803,"26",460.352209492635,512.257937806874,500.414402618658,460.956137479542,478.134206219313
"31",2602902,"26",467.71940823202,520.822249890142,511.556833162443,468.605419657243,496.352717152483
"32",2603009,"26",449.645640569395,493.571085409253,490.465302491103,450.765747330961,476.886120996441
"33",2603108,"26",460.282692307692,524.473717948718,507.921153846154,474.322222222222,544.957264957265
"34",2603207,"26",455.497888386124,505.136802413273,492.056561085973,464.848416289593,490.407239819005
"35",2603306,"26",462.188016528926,507.176446280992,492.545041322314,465.628512396694,512.727272727273
"36",2603405,"26",466.419594594595,505.939864864865,495.949324324324,487.587162162162,511.756756756757
"37",2603454,"26",474.27692814766,529.031878707976,516.943876071193,475.840685563612,523.418457481872
"38",2603504,"26",465.682554517134,522.607788161994,511.471028037383,477.149221183801,526.230529595016
"39",2603603,"26",474.729180327869,526.072131147541,511.100983606557,470.754754098361,530.622950819672
"40",2603702,"26",456.994350282486,514.985593220339,501.279096045198,461.105367231638,509.039548022599
"41",2603801,"26",461.57152173913,509.789782608696,505.883695652174,471.768695652174,504.478260869565
"42",2603900,"26",458.921481481481,508.495740740741,501.172962962963,474.152592592593,518.074074074074
"43",2603926,"26",445.422115384615,493.342788461538,477.742067307692,441.482932692308,483.942307692308
"44",2604007,"26",475.42769180112,527.121896608495,514.049028646691,479.8449785973,522.027000329272
"45",2604106,"26",478.690280358048,540.036032764736,526.220731295389,493.951452457355,544.911839216349
"46",2604155,"26",461.062053571429,507.598660714286,496.930357142857,461.770535714286,491.071428571429
"47",2604205,"26",453.4827176781,515.884300791557,508.505145118734,462.134564643799,510.158311345646
"48",2604304,"26",465.169730941704,505.318609865471,498.807847533632,474.204484304933,522.206278026906
"49",2604403,"26",456.687878787879,505.17217630854,496.300275482094,453.841046831956,493.719008264463
"50",2604502,"26",463.955402750491,513.733202357564,506.778781925344,466.241453831041,507.897838899804
"51",2604601,"26",465.260823170732,517.752896341463,504.801067073171,455.318445121951,524.359756097561
"52",2604700,"26",460.956393442623,514.305573770492,498.199016393443,458.308196721311,518.885245901639
"53",2604809,"26",452.426690391459,492.584341637011,489.292882562278,447.582918149466,488.967971530249
"54",2604908,"26",472.557675438597,508.603070175439,504.864254385965,469.862938596491,498.245614035088
"55",2605004,"26",462.237391304348,515.729565217391,504.986195652174,470.213695652174,532.04347826087
"56",2605103,"26",460.1853200883,500.323289183223,494.981015452539,466.736092715232,480.775938189845
"57",2605152,"26",472.77485549133,514.6,501.375433526012,484.895953757225,532.586705202312
"58",2605202,"26",460.568377088306,512.687947494033,505.968496420048,459.457637231504,508.114558472554
"59",2605301,"26",461.900777453839,504.96491739553,495.274052478134,460.929737609329,496.559766763848
"60",2605400,"26",468.535025380711,511.260609137056,500.342639593909,469.983959390863,520.186802030457
"61",2605459,"26",465.975,531.466666666667,522.872916666667,461.8875,476.25
"62",2605509,"26",456.792713567839,505.422864321608,496.991457286432,460.993216080402,509.145728643216
"63",2605608,"26",459.908193668529,511.420484171322,501.882495344507,465.774860335196,500.48417132216
"64",2605707,"26",460.188041733547,511.955537720706,504.346468699839,462.780096308186,522.182985553772
"65",2605806,"26",465.373831775701,518.053271028037,517.94953271028,469.168691588785,523.831775700935
"66",2605905,"26",451.143157894737,496.782631578947,496.575,446.448947368421,479.947368421053
"67",2606002,"26",472.100121149187,530.493717549325,517.972464520595,476.560124610592,529.048113534095
"68",2606101,"26",460.809355246523,507.970922882427,496.371681415929,460.103286978508,511.934260429836
"69",2606200,"26",468.11558988764,518.790777153558,507.066245318352,466.306039325843,508.501404494382
"70",2606309,"26",454.890526315789,493.467894736842,479.485263157895,454.427368421053,449.263157894737
"71",2606408,"26",471.291080797482,526.527562084645,516.211962224554,478.741238195173,524.888422525358
"72",2606507,"26",457.70056022409,511.410084033613,503.264145658263,457.612885154062,491.932773109244
"73",2606606,"26",463.536604774536,509.669230769231,503.510610079576,469.889655172414,514.907161803714
"74",2606705,"26",455.669117647059,520.872794117647,519.616176470588,460.721323529412,545.588235294118
"75",2606804,"26",473.408356039964,525.552558280351,511.444020587345,473.718770814411,508.337874659401
"76",2606903,"26",452.823372781065,502.37426035503,496.44674556213,457.493786982249,484.615384615385
"77",2607000,"26",464.378861788618,508.961788617886,497.460975609756,465.019512195122,500.975609756098
"78",2607109,"26",459.240322580645,493.714516129032,498.438709677419,460.635483870968,516.774193548387
"79",2607208,"26",469.461500275786,515.875234418092,507.555322669608,465.443408714837,497.53998896856
"80",2607307,"26",454.811324041812,498.273519163763,491.590592334495,465.802090592334,495.88850174216
"81",2607406,"26",454.960248447205,499.384472049689,496.275155279503,452.896273291925,474.285714285714
"82",2607505,"26",458.258775510204,515.069795918367,511.460816326531,461.598367346939,517.959183673469
"83",2607604,"26",466.553830227743,517.992753623188,508.477225672878,460.719461697723,493.084886128364
"84",2607653,"26",460.499210266535,513.52625863771,503.568805528134,463.277591312932,509.160908193485
"85",2607703,"26",473.2984375,525.4403125,515.7146875,474.645625,532.9375
"86",2607752,"26",468.37332123412,513.580036297641,500.125589836661,458.058076225045,494.664246823956
"87",2607802,"26",457.308490566038,500.354716981132,492.975471698113,452.896855345912,501.852201257862
"88",2607901,"26",474.827253651844,533.131902187071,521.037014768784,480.77598660318,524.714510531838
"89",2607950,"26",441.459915611814,493.518143459916,485.616033755274,448.288185654008,489.704641350211
"90",2608008,"26",447.734895833333,499.060677083333,490.353645833333,458.82109375,467.65625
"91",2608057,"26",469.585131195335,514.704373177843,508.798833819242,470.353644314869,516.00583090379
"92",2608107,"26",471.475842696629,521.729400749064,508.129213483146,475.676029962547,544.883895131086
"93",2608206,"26",451.859398496241,496.890601503759,492.182330827068,447.601127819549,480.451127819549
"94",2608255,"26",465.350191570881,518.57662835249,502.047126436782,470.690421455939,520.766283524904
"95",2608305,"26",465.320952380952,521.130714285714,514.215952380952,469.217857142857,535.095238095238
"96",2608404,"26",452.327380952381,511.260714285714,499.437797619048,457.483035714286,526.309523809524
"97",2608453,"26",459.849637681159,510.402355072464,504.409782608696,461.699637681159,502.210144927536
"98",2608503,"26",460.50535540409,506.609347614411,493.363193768257,457.09688412853,495.365141187926
"99",2608602,"26",469.923943661972,533.776056338028,509.703521126761,472.615492957746,537.183098591549
"100",2608701,"26",458.276363636364,505.557272727273,493.788787878788,461.220606060606,510.060606060606
"101",2608750,"26",454.933424283765,501.025375170532,495.811459754434,456.575306957708,477.162346521146
"102",2608800,"26",466.322507788162,522.41207165109,510.817133956386,476.770638629283,533.380062305296
"103",2608909,"26",483.732229885057,531.392229885057,519.976781609195,489.31632183908,544.827586206897
"104",2609006,"26",472.351324503311,517.165397350993,506.340066225166,470.645695364238,544.53642384106
"105",2609105,"26",473.413411078717,521.737900874636,511.81749271137,460.264139941691,543.615160349854
"106",2609154,"26",438.714102564103,480.453846153846,483.058974358974,440.270512820513,447.692307692308
"107",2609204,"26",442.142396313364,492.259447004608,489.765437788018,444.103686635945,483.778801843318
"108",2609303,"26",457.652013422819,498.83389261745,489.769798657718,459.365771812081,475.167785234899
"109",2609402,"26",466.486813778256,518.967653390743,508.82524219591,467.551506996771,505.285252960172
"110",2609501,"26",466.001764234162,518.904570970329,505.692782678428,458.819807538091,514.327987169206
"111",2609600,"26",481.414071740807,538.699562869632,523.648148624325,484.532180509128,536.427616353819
"112",2609709,"26",463.274647887324,512.429295774648,507.176338028169,460.45338028169,530.676056338028
"113",2609808,"26",442.988,482.653111111111,483.136222222222,446.380444444444,463.422222222222
"114",2609907,"26",461.563833075734,511.941190108192,499.38686244204,464.702550231839,505.625965996909
"115",2610004,"26",466.680940115905,521.005602060528,510.30804893754,470.982678686413,529.233741146169
"116",2610103,"26",451.049418604651,506.049418604651,492.087790697674,446.077325581395,506.627906976744
"117",2610202,"26",459.866305818674,510.107442489851,500.388768606225,459.765223274696,540.514208389716
"118",2610301,"26",456.05701754386,506.395175438596,495.673245614035,458.434649122807,508.245614035088
"119",2610400,"26",458.087229862475,500.245186640472,496.028880157171,458.879960707269,467.465618860511
"120",2610509,"26",459.204779411765,507.0296875,500.949172794118,461.797886029412,503.474264705882
"121",2610608,"26",461.558465227818,508.401966426859,498.914436450839,458.719952038369,495.863788968825
"122",2610707,"26",478.798761009106,536.620331392745,522.294028959546,482.049156590536,530.011643528885
"123",2610806,"26",458.078714859438,504.433734939759,501.660240963855,458.964257028112,503.614457831325
"124",2610905,"26",464.87191328935,520.279736098021,510.248020735156,470.80301602262,518.930725730443
"125",2611002,"26",462.974975173783,517.113505461768,509.168321747766,463.319364448858,515.670307845084
"126",2611101,"26",476.792906246296,532.999318478132,516.22462960768,488.036979969183,535.811307336731
"127",2611200,"26",464.27581120944,517.186430678466,508.032743362832,473.360766961652,520.117994100295
"128",2611309,"26",466.082222222222,518.362735042735,504.376239316239,470.729230769231,536.538461538462
"129",2611408,"26",454.476146788991,499.482110091743,492.956880733945,461.633944954128,504.220183486239
"130",2611507,"26",460.800546448087,511.832786885246,499.740983606557,457.620218579235,524.098360655738
"131",2611533,"26",468.783251231527,517.458620689655,504.728078817734,481.316748768473,514.187192118227
"132",2611606,"26",491.64073188417,548.880130825838,531.789975161604,504.211711072371,554.867662259523
"133",2611705,"26",466.391237113402,520.15824742268,508.426288659794,475.872422680412,519.742268041237
"134",2611804,"26",461.437081784387,509.053531598513,504.796375464684,463.413940520446,497.825278810409
"135",2611903,"26",464.907858546169,512.948526522593,498.041453831041,457.579174852652,504.597249508841
"136",2612000,"26",464.515526315789,520.210526315789,512.087631578947,461.749210526316,522.736842105263
"137",2612109,"26",461.180213903743,511.091443850267,499.632620320856,459.991443850267,530.48128342246
"138",2612208,"26",468.459549010584,520.317533364013,510.675977910723,478.78508973769,521.177174413254
"139",2612307,"26",451.551026392962,507.21642228739,496.788269794721,447.156011730205,517.771260997067
"140",2612406,"26",471.652587646077,522.288814691152,510.598831385643,477.320701168614,524.140233722871
"141",2612455,"26",456.934502923977,518.019298245614,501.585964912281,460.187719298246,513.450292397661
"142",2612471,"26",466.338554216867,511.666506024096,502.362409638554,465.687951807229,506.361445783133
"143",2612505,"26",473.008864795918,534.094547193878,518.413520408163,491.206441326531,536.158482142857
"144",2612554,"26",452.413461538462,497.053205128205,493.909615384615,447.871794871795,487.179487179487
"145",2612604,"26",450.80829228243,491.115845648604,486.37249589491,447.166091954023,463.811165845649
"146",2612703,"26",459.478210116732,512.924513618677,509.14046692607,471.272373540856,509.416342412451
"147",2612802,"26",455.92074829932,511.058503401361,501.202721088435,468.735034013605,510.748299319728
"148",2612901,"26",448.076470588235,497.021176470588,497.24,451.662352941176,517.411764705882
"149",2613008,"26",464.90597826087,511.064565217391,506.260434782609,469.092173913043,506.978260869565
"150",2613107,"26",466.408924205379,518.43728606357,513.33630806846,474.252078239609,519.402200488998
"151",2613206,"26",463.425132743363,514.141415929204,501.190088495575,461.455398230089,509.982300884956
"152",2613305,"26",465.423093681917,513.639651416122,502.584095860566,465.459694989107,496.427015250545
"153",2613404,"26",461.367153284672,502.873722627737,498.610705596107,457.465206812652,493.722627737226
"154",2613503,"26",465.866381766382,511.233428300095,505.014339981007,470.810636277303,520.46628679962
"155",2613602,"26",467.68323699422,518.510886319846,512.393352601156,478.092003853565,518.362235067437
"156",2613701,"26",470.129054702495,526.50712571977,510.33037428023,468.764707293666,516.129078694818
"157",2613800,"26",458.083982683983,513.552164502164,505.954112554113,453.334199134199,512.380952380952
"158",2613909,"26",472.055768005099,523.62597195666,512.38476736775,479.895347355003,533.301465901848
"159",2614006,"26",462.08590021692,504.039479392625,494.627982646421,462.952711496746,508.733188720174
"160",2614105,"26",461.758654906284,514.374862183021,507.837045203969,469.92381477398,509.6802646086
"161",2614204,"26",455.492375,497.838375,492.25275,450.068125,468.95
"162",2614303,"26",464.435398230088,508.474041297935,496.545722713864,461.695575221239,517.227138643068
"163",2614402,"26",448.527358490566,497.412264150943,487.153773584906,454.467924528302,444.905660377359
"164",2614501,"26",476.92045562411,528.231181775036,518.416563834836,486.100379686758,543.720930232558
"165",2614600,"26",467.82682379349,513.66835016835,508.321436588103,483.941863075196,530.617283950617
"166",2614709,"26",457.394857142857,516.002285714286,506.309714285714,470.660571428571,527.428571428571
"167",2614808,"26",452.370077220077,496.804054054054,491.615057915058,447.366988416988,497.065637065637
"168",2614857,"26",464.312254901961,507.063725490196,499.237990196078,456.26862745098,502.058823529412
"169",2615003,"26",468.630784313725,525.745882352941,518.211960784314,474.515490196078,536.078431372549
"170",2615102,"26",464.419718309859,521.557746478873,506.099295774648,469.723943661972,511.049295774648
"171",2615201,"26",454.772530864198,505.297222222222,495.854938271605,471.312962962963,518.456790123457
"172",2615300,"26",472.169665386725,524.476522216127,508.367361492046,473.496708721887,529.862863411958
"173",2615409,"26",459.391938997821,513.917320261438,505.977559912854,471.079520697168,496.622004357298
"174",2615508,"26",459.64185520362,503.381221719457,496.601131221719,451.612895927602,505.52036199095
"175",2615607,"26",454.731544715447,503.156422764228,495.565853658537,458.737235772358,482.634146341463
"176",2615706,"26",472.644992743106,527.312336719884,514.183599419448,487.100725689405,552.2206095791
"177",2615805,"26",458.518530351438,508.261022364217,499.302875399361,463.068690095847,516.996805111821
"178",2615904,"26",471.602822580645,521.196774193548,513.545564516129,480.5,522.338709677419
"179",2616001,"26",466.712043010753,521.54688172043,508.249677419355,471.506451612903,519.010752688172
"180",2616100,"26",450.465591397849,487.805734767025,484.421863799283,452.912186379928,460.430107526882
"181",2616183,"26",461.755089820359,513.687425149701,505.205988023952,473.104191616766,521.077844311377
"182",2616209,"26",471.488343558282,518.905828220859,511.397852760736,483.053987730061,524.78527607362
"183",2616308,"26",459.577579617834,509.948407643312,501.410063694268,453.250445859873,502.573248407643
"184",2616407,"26",476.670131366674,530.644042406084,516.500967964969,480.911846047476,544.828301451947
"185",2616506,"26",454.096265560166,498.101244813278,498.401244813278,444.504564315353,499.502074688797
"186",2900108,"29",469.454716981132,511.805660377358,505.553773584906,471.990566037736,498.301886792453
"187",2900207,"29",438.466981132075,482.787735849057,477.28679245283,437.638679245283,456.88679245283
"188",2900306,"29",451.117307692308,509.132692307692,495.396474358974,448.659615384615,498.846153846154
"189",2900355,"29",465.519363395225,522.101061007958,513.171352785146,463.936604774536,542.281167108753
"190",2900405,"29",447.224397590361,502.38343373494,487.764457831325,446.826807228916,499.518072289157
"191",2900504,"29",463.577358490566,499.191823899371,482.971698113208,466.774842767296,487.421383647799
"192",2900603,"29",451.148148148148,508.95,490.663888888889,452.187962962963,494.444444444444
"193",2900702,"29",473.917011278196,531.261071428571,513.708778195489,473.654304511278,517.327067669173
"194",2900801,"29",458.532171581769,504.723324396783,489.368632707775,459.746112600536,485.951742627346
"195",2900900,"29",454.598,511.394666666667,496.496,457.994,511.2
"196",2901007,"29",456.269778374748,514.31040967092,490.158025520484,449.24600402955,501.11282740094
"197",2901106,"29",465.20023255814,521.736279069767,502.126627906977,463.213837209302,511.46511627907
"198",2901155,"29",448.297037037037,484.161111111111,475.866666666667,449.781111111111,466.148148148148
"199",2901205,"29",449.621921921922,510.266666666667,494.987687687688,455.87957957958,506.306306306306
"200",2901304,"29",459.09696969697,499.518787878788,493.270909090909,464.098787878788,478.30303030303
"201",2901353,"29",472.482817869416,518.338487972509,499.40618556701,477.778694158076,518.831615120275
"202",2901403,"29",445.813265306122,494.081632653061,484.887755102041,452.582993197279,503.537414965986
"203",2901502,"29",453.989655172414,517.542068965517,494.184137931034,446.63724137931,512.551724137931
"204",2901601,"29",457.049769585253,490.210599078341,481.387096774194,454.492165898617,479.354838709677
"205",2901700,"29",446.125,497.560714285714,484.101020408163,441.604591836735,459.591836734694
"206",2901809,"29",474.281132075472,521.150628930818,501.568867924528,467.455031446541,508.427672955975
"207",2901908,"29",449.047157190635,508.242140468227,500.555183946488,454.092642140468,494.046822742475
"208",2901957,"29",457.325547445255,518.067153284672,497.213868613139,463.247445255474,514.598540145985
"209",2902005,"29",463.823,515.3405,499.6275,484.0375,505.3
"210",2902054,"29",448.535,502.741,492.905666666667,454.060333333333,476.133333333333
"211",2902104,"29",453.327627627628,508.245945945946,492.431831831832,458.458858858859,504.174174174174
"212",2902203,"29",456.237735849057,499.402358490566,488.596698113208,443.946698113208,471.415094339623
"213",2902252,"29",458.80782122905,513.468156424581,497.939664804469,456.85530726257,504.022346368715
"214",2902302,"29",454.901015228426,501.463959390863,486.437563451777,450.376649746193,480.710659898477
"215",2902401,"29",450.626241134752,504.150354609929,483.340070921986,441.409929078014,480.709219858156
"216",2902500,"29",446.203720930233,488.68511627907,476.652558139535,452.626976744186,512.744186046512
"217",2902609,"29",457.191383219955,506.106575963719,492.361904761905,456.119954648526,500.952380952381
"218",2902658,"29",451.106696428571,505.049107142857,492.70625,453.696875,495.178571428571
"219",2902708,"29",448.080648064806,498.506300630063,482.902520252025,440.133393339334,482.574257425743
"220",2902807,"29",457.705993690852,511.779968454259,495.673501577287,468.429652996845,506.309148264984
"221",2902906,"29",462.161199510404,520.758017135863,505.260220318237,462.519094247246,499.06976744186
"222",2903003,"29",462.682278481013,514.265506329114,501.388924050633,462.650316455696,489.955696202532
"223",2903102,"29",449.432075471698,506.888050314465,497.082389937107,455.431446540881,499.283018867925
"224",2903201,"29",473.609153284672,530.422700729927,512.262350364963,479.402437956204,542.004525547445
"225",2903235,"29",452.894845360825,506.617525773196,489.77560137457,456.491408934708,501.649484536082
"226",2903276,"29",452.162121212121,512.537272727273,502.230909090909,461.638181818182,511.818181818182
"227",2903300,"29",455.60406504065,507.141463414634,489.710569105691,438.034146341463,507.317073170732
"228",2903409,"29",456.063087248322,508.221476510067,502.473825503356,452.332214765101,502.953020134228
"229",2903508,"29",463.126060606061,523.865454545455,502.246363636364,468.207878787879,538.181818181818
"230",2903607,"29",453.937288135593,510.225423728814,496.056779661017,451.033050847458,503.050847457627
"231",2903706,"29",445.518248175182,506.014598540146,487.002189781022,455.76094890511,494.014598540146
"232",2903805,"29",435.87829787234,491.355744680851,475.732340425532,433.772340425532,461.702127659574
"233",2903904,"29",458.66176952485,516.79175314036,498.923156744948,465.74478427089,506.684871654833
"234",2903953,"29",440.856680161943,492.849392712551,479.688663967611,443.027530364372,469.959514170041
"235",2904001,"29",452.549261083744,501.426600985222,492.185221674877,452.636945812808,494.87684729064
"236",2904050,"29",448.27,488.585882352941,482.448529411765,453.435294117647,472.823529411765
"237",2904100,"29",452.186304347826,499.744565217391,484.93347826087,447.26,494.304347826087
"238",2904209,"29",462.923733333333,508.417866666667,491.765333333333,456.5456,496.426666666667
"239",2904308,"29",454.823294117647,499.986588235294,483.898588235294,442.670588235294,495.152941176471
"240",2904407,"29",445.499107142857,485.711607142857,480.671428571429,435.5875,461.964285714286
"241",2904506,"29",460.853416149068,498.316149068323,489.129813664596,453.587577639752,488.944099378882
"242",2904605,"29",475.451104746318,531.413338788871,514.9352700491,493.785515548282,526.600654664484
"243",2904704,"29",466.947619047619,531.227819548872,506.955137844612,466.036591478697,531.629072681704
"244",2904753,"29",445.362871287129,489.003465346535,478.027722772277,440.095049504951,464.257425742574
"245",2904803,"29",452.160294117647,496.475735294118,482.748529411765,446.360294117647,489.558823529412
"246",2904852,"29",454.813470319635,503.168493150685,488.643607305936,448.55296803653,502.283105022831
"247",2904902,"29",456.350776196637,516.901358344114,496.769728331177,456.927554980595,505.659767141009
"248",2905008,"29",472.626486486486,525.826891891892,507.284594594595,477.308783783784,536.594594594595
"249",2905107,"29",454.979245283019,517.407547169811,498.023270440252,460.127044025157,509.308176100629
"250",2905156,"29",449.318279569892,494.883870967742,482.778494623656,447.718279569893,468.387096774194
"251",2905206,"29",468.764841182913,523.650985761227,509.305312157722,482.066703176342,542.415115005476
"252",2905305,"29",453.001030927835,500.819243986254,482.442268041237,451.77560137457,496.838487972509
"253",2905404,"29",457.163768115942,511.013768115942,484.219565217391,439.665217391304,512.31884057971
"254",2905503,"29",446.275,499.694166666667,492.003333333333,437.206666666667,460.833333333333
"255",2905602,"29",458.208700440529,517.954295154185,501.494933920705,468.191960352423,508.348017621145
"256",2905701,"29",466.445306248076,526.612424335693,511.684990253411,470.740576587668,508.705755617113
"257",2905800,"29",448.868421052632,495.587151702786,484.890247678019,442.945510835913,479.969040247678
"258",2905909,"29",449.809691629956,493.744933920705,479.26563876652,452.776651982379,440.79295154185
"259",2906006,"29",464.7395625,517.636375,503.6655625,469.818375,514.220625
"260",2906105,"29",440.865972222222,477.152777777778,465.843055555556,441.604861111111,435.833333333333
"261",2906204,"29",460.550891089109,502.429702970297,490.751881188119,466.914653465347,484.831683168317
"262",2906303,"29",467.304269972452,527.226033057851,513.625757575758,465.349311294766,509.917355371901
"263",2906402,"29",443.238317757009,499.204672897196,492.485046728972,457.542990654206,476.261682242991
"264",2906501,"29",461.417478856222,514.291421667338,502.815344341522,456.942851389448,500.865888038663
"265",2906600,"29",472.056900726392,520.02397094431,500.544309927361,481.337288135593,538.1598062954
"266",2906709,"29",465.114473684211,519.310690789474,506.126480263158,475.138815789474,532.401315789474
"267",2906808,"29",449.006983240223,512.502234636872,493.486592178771,451.329329608939,482.067039106145
"268",2906824,"29",447.58185840708,501.524336283186,486.934513274336,447.147787610619,483.362831858407
"269",2906857,"29",465.284455958549,521.656476683938,514.656476683938,473.250259067357,526.113989637306
"270",2906873,"29",457.354503816794,521.219847328244,504.31358778626,465.688396946565,508.977099236641
"271",2906899,"29",443.98773006135,491.888957055215,478.588343558282,446.615950920245,471.411042944785
"272",2906907,"29",459.055882352941,510.401604278075,496.423529411765,462.356417112299,491.176470588235
"273",2907004,"29",449.51953125,497.398828125,481.365234375,440.291015625,467.1875
"274",2907103,"29",445.540706806283,491.548036649215,481.562041884817,443.849607329843,470.104712041885
"275",2907202,"29",447.929266572638,500.77856135402,487.898307475317,451.574682651622,470.620592383639
"276",2907301,"29",456.942295081967,507.633114754098,492.74606557377,453.636229508197,495.081967213115
"277",2907400,"29",443.076785714286,493.275,463.958928571429,443.785714285714,467.142857142857
"278",2907509,"29",473.828852838934,529.163731170336,510.666859791425,472.025028968714,527.311703360371
"279",2907558,"29",460.429508196721,495.194535519126,492.785245901639,467.818032786885,527.540983606557
"280",2907608,"29",468.975700934579,518.488785046729,501.330373831776,464.546261682243,507.943925233645
"281",2907707,"29",441.987943262411,473.56134751773,468.136879432624,441.436879432624,459.645390070922
"282",2907806,"29",457.117901234568,509.408765432099,495.52975308642,456.909012345679,499.679012345679
"283",2907905,"29",460.021818181818,508.504545454545,500.565681818182,454.473636363636,490.863636363636
"284",2908002,"29",466.684195402299,521.576149425287,508.129454022989,471.915517241379,509.132183908046
"285",2908101,"29",445.299099099099,495.267867867868,482.384084084084,447.826726726727,465.825825825826
"286",2908200,"29",454.651741935484,507.858322580645,494.279096774194,447.891870967742,488.438709677419
"287",2908309,"29",459.811411992263,508.585880077369,494.313926499033,450.718181818182,495.539651837524
"288",2908408,"29",464.859827213823,523.798542116631,506.286933045356,466.153779697624,527.98596112311
"289",2908507,"29",466.729938900204,523.377698574338,509.381059063136,461.837780040733,511.955193482688
"290",2908606,"29",455.602976190476,499.096130952381,486.358928571429,447.492857142857,478.809523809524
"291",2908705,"29",471.868,525.756,513.407466666667,471.909066666667,552.533333333333
"292",2908804,"29",448.247,491.584,485.572,444.001,498.6
"293",2908903,"29",451.68543814433,508.530025773196,489.38118556701,451.026932989691,484.09793814433
"294",2909000,"29",452.744680851064,508.177872340426,503.768085106383,466.527659574468,476.425531914894
"295",2909109,"29",452.452293577982,501.693577981651,485.29495412844,443.880275229358,490.825688073394
"296",2909208,"29",448.509523809524,495.705952380952,479.974761904762,445.94119047619,475.190476190476
"297",2909307,"29",462.04757118928,507.197654941374,495.214405360134,462.48810720268,505.226130653266
"298",2909406,"29",443.21316872428,488.422222222222,480.714814814815,439.634567901235,496.543209876543
"299",2909505,"29",446.721383647799,500.606918238994,486.264779874214,447.316352201258,473.584905660377
"300",2909604,"29",450.206388888889,492.433611111111,480.421388888889,455.248333333333,502.388888888889
"301",2909703,"29",449.607547169811,503.821132075472,489.070566037736,454.147924528302,518.188679245283
"302",2909802,"29",469.664964994166,522.575875145858,500.200145857643,467.502158693116,517.732205367561
"303",2909901,"29",444.438796414853,493.787836107554,484.18642765685,446.991293213828,469.256081946223
"304",2910008,"29",459.369863013699,505.684931506849,491.639726027397,453.285616438356,516.575342465753
"305",2910057,"29",463.691944990177,525.41257367387,508.632711198428,466.208447937132,500.275049115914
"306",2910107,"29",467.188326848249,522.262645914397,499.724124513619,483.712451361868,524.902723735409
"307",2910206,"29",451.422857142857,505.311428571429,488.596428571429,449.811428571429,495.857142857143
"308",2910305,"29",468.26091954023,522.394252873563,501.748275862069,469.246551724138,523.908045977012
"309",2910404,"29",455.36384180791,509.805084745763,497.18813559322,456.307344632768,511.073446327684
"310",2910503,"29",455.883966244726,511.451139240506,496.654599156118,454.871729957806,480.050632911392
"311",2910602,"29",457.090025252525,506.816666666667,494.592171717172,452.313257575758,491.338383838384
"312",2910701,"29",456.949036777583,520.9265323993,509.236339754816,457.94649737303,512.644483362522
"313",2910727,"29",471.430962619914,534.411974859411,517.871187562024,481.937280846841,526.521667217995
"314",2910750,"29",454.597690941385,502.20568383659,492.667317939609,450.776909413854,503.410301953819
"315",2910776,"29",444.417857142857,500.06875,491.966071428571,451.458928571429,498.035714285714
"316",2910800,"29",472.767475859929,530.99855741265,512.83904680653,474.773459495094,526.660991972699
"317",2910859,"29",464.177044854881,510.346437994723,495.367018469657,456.244854881266,505.036939313984
"318",2910909,"29",450.458227848101,508.967088607595,483.688607594937,451.008860759494,522.278481012658
"319",2911006,"29",462.935643564356,515.646534653465,499.84900990099,463.969801980198,513.366336633663
"320",2911105,"29",445.141448382126,491.23405238829,475.546995377504,444.53343605547,475.100154083205
"321",2911204,"29",466.536771728749,527.114231136581,509.63629417383,465.811556829035,542.533906399236
"322",2911253,"29",448.510091743119,499.398165137615,486.678899082569,460.244036697248,469.357798165138
"323",2911303,"29",438.723671497585,481.46038647343,479.217874396135,446.549758454106,492.367149758454
"324",2911402,"29",454.425560538117,504.654708520179,501.812556053812,453.051121076233,505.022421524664
"325",2911501,"29",447.883544303797,502.96582278481,504.851898734177,441.989873417722,454.430379746835
"326",2911600,"29",453.370012547051,501.542659974906,486.591844416562,447.894353826851,485.696361355082
"327",2911659,"29",458.828888888889,509.937037037037,505.494074074074,451.345185185185,524.444444444444
"328",2911709,"29",475.281754004887,528.421802878089,514.166711919631,485.181808308444,532.92125984252
"329",2911808,"29",453.814225941423,504.243514644351,489.310878661088,451.462761506276,494.142259414226
"330",2911857,"29",450.454726368159,505.087562189055,492.403980099502,449.500497512438,490.845771144279
"331",2911907,"29",450.314778325123,518.837931034483,499.055911330049,455.531773399015,512.463054187192
"332",2912004,"29",465.473474178404,510.116431924883,494.895305164319,483.180516431925,517.558685446009
"333",2912103,"29",463.001361573374,515.310590015129,504.185627836611,467.232677760968,531.800302571861
"334",2912202,"29",452.577459016393,505.55,499.65737704918,466.020081967213,494.098360655738
"335",2912301,"29",460.139351851852,514.100462962963,488.231944444444,457.12037037037,516.666666666667
"336",2912400,"29",454.728629032258,507.162903225806,490.911693548387,460.741129032258,520.967741935484
"337",2912509,"29",449.796336996337,494.261538461538,483.791941391941,459.113553113553,474.432234432234
"338",2912608,"29",441.886363636364,475.140909090909,466.472727272727,423.313636363636,407.272727272727
"339",2912707,"29",449.605753424658,508.364383561644,491.287671232877,455.018082191781,506.301369863014
"340",2912806,"29",456.545945945946,508.536936936937,495.045045045045,465.358558558559,468.108108108108
"341",2912905,"29",464.752619589977,518.635307517084,504.907972665148,460.535990888383,510.21867881549
"342",2913002,"29",449.684331797235,510.652534562212,499.669585253456,451.80599078341,524.423963133641
"343",2913101,"29",459.920466321244,502.222797927461,493.2,461.651554404145,482.072538860104
"344",2913200,"29",454.823255813953,506.367852257182,493.530506155951,459.746922024624,498.084815321477
"345",2913309,"29",449.831578947368,507.063815789474,495.131578947368,458.477631578947,510.921052631579
"346",2913408,"29",465.453910614525,511.641061452514,504.448603351955,469.948044692737,546.368715083799
"347",2913457,"29",455.004597701149,502.535632183908,486.912260536398,443.681609195402,495.019157088123
"348",2913507,"29",463.71339869281,519.078758169935,501.527777777778,464.448366013072,491.699346405229
"349",2913606,"29",473.940248728095,533.127880158282,512.944330130017,474.111147540984,531.91791972866
"350",2913705,"29",450.684627575277,500.890332805071,485.785103011093,448.613153724247,478.912836767036
"351",2913804,"29",442.881034482759,486.357471264368,481.977011494253,444.501724137931,462.873563218391
"352",2913903,"29",470.06223628692,527.474964838256,512.578902953587,468.139803094233,525.103375527426
"353",2914000,"29",462.670015948963,520.788038277512,504.25956937799,465.352950558214,514.354066985646
"354",2914109,"29",451.315979381443,504.553608247423,498.110309278351,456.573195876289,520.618556701031
"355",2914208,"29",470.992753623188,512.208695652174,498.44347826087,467.239130434783,487.826086956522
"356",2914307,"29",449.312359550562,507.14606741573,489.777528089888,448.030337078652,495.280898876404
"357",2914406,"29",454.325165562914,505.871081677704,495.636203090508,456.352759381898,496.600441501104
"358",2914505,"29",455.677315296566,512.670135275754,496.559937565036,452.920603537981,519.292403746098
"359",2914604,"29",476.788066666667,532.2747,514.712433333333,486.6312,532.728333333333
"360",2914653,"29",454.148057259714,515.279754601227,499.760122699386,467.230674846626,495.21472392638
"361",2914703,"29",457.675844594595,518.537894144144,503.140653153153,459.813006756757,510.021959459459
"362",2914802,"29",476.739837898841,537.956879039705,521.078485687904,480.340094388017,545.562019082795
"363",2914901,"29",452.238596491228,509.798830409357,497.207602339181,449.625730994152,469.824561403509
"364",2915007,"29",436.527722772277,498.287128712871,489.576237623762,445.682178217822,480.792079207921
"365",2915106,"29",460.464356435644,518.536138613861,502.066831683168,461.164851485149,525.940594059406
"366",2915205,"29",454.820912547529,510.300380228137,498.222813688213,455.876425855513,511.330798479087
"367",2915304,"29",456.674736842105,526.701052631579,517.890526315789,474.326315789474,520
"368",2915353,"29",439.435146443515,478.086610878661,470.503765690377,439.005857740586,445.585774058577
"369",2915403,"29",434.779120879121,496.010989010989,471.218681318681,430.067032967033,445.714285714286
"370",2915502,"29",465.962246278755,522.072665764547,501.490527740189,466.414749661705,513.61299052774
"371",2915601,"29",462.568019987508,518.752717051843,507.023797626483,470.559900062461,498.688319800125
"372",2915700,"29",453.550310559006,506.319875776398,491.575776397516,443.455900621118,509.192546583851
"373",2915809,"29",455.364397905759,503.182722513089,492.442757417103,456.68167539267,499.12739965096
"374",2915908,"29",446.492063492063,496.046825396825,480.128571428571,441.733333333333,435.238095238095
"375",2916005,"29",467.386714975845,519.324396135266,501.974879227053,470.841304347826,505.700483091787
"376",2916104,"29",473.136382536383,519.601663201663,498.495841995842,460.9,500.665280665281
"377",2916203,"29",447.856,495.537333333333,484.871555555556,447.008,494.577777777778
"378",2916302,"29",459.118584070796,517.930088495575,510.125663716814,450.111504424779,526.017699115044
"379",2916401,"29",464.690901213172,527.531932409012,504.752036395147,472.420103986135,525.313691507799
"380",2916500,"29",456.850235849057,506.668160377359,490.089622641509,457.818160377358,483.537735849057
"381",2916609,"29",461.192718446602,507.533980582524,492.763106796117,449.416504854369,508.73786407767
"382",2916708,"29",453.377304964539,499.736879432624,489.585106382979,451.324822695035,480.709219858156
"383",2916807,"29",457.981294964029,501.84964028777,484.353237410072,452.98345323741,512.230215827338
"384",2916856,"29",456.8890625,502.598958333333,490.324479166667,463.986979166667,484.6875
"385",2916906,"29",463.066801619433,511.873684210526,506.682995951417,460.673279352227,527.206477732793
"386",2917003,"29",449.659305210918,499.383870967742,489.345161290323,450.587344913151,482.779156327543
"387",2917102,"29",462.439466666667,524.295466666667,506.296,466.9864,531.733333333333
"388",2917201,"29",457.693893129771,513.714503816794,498.842748091603,463.182442748092,513.689567430025
"389",2917300,"29",459.768041237113,511.814432989691,491.20412371134,452.831099656357,488.694158075601
"390",2917334,"29",456.307792207792,495.467965367965,487.593073593074,448.951948051948,474.372294372294
"391",2917359,"29",453.221794871795,490.241025641026,475.292307692308,454.353205128205,467.692307692308
"392",2917409,"29",467.766189111748,512.679656160458,505.92435530086,467.419770773639,504.641833810888
"393",2917508,"29",466.453033884949,530.416115051221,513.522734436564,474.271907013396,528.668242710796
"394",2917607,"29",474.476345984113,526.209973521624,514.227625772286,476.74854368932,526.019417475728
"395",2917706,"29",466.882403433476,515.887982832618,501.489592274678,464.094206008584,519.613733905579
"396",2917805,"29",451.188732394366,499.872769953052,484.568075117371,442.815492957746,475.962441314554
"397",2917904,"29",451.149635036496,491.830656934307,480.143065693431,437.046715328467,452.992700729927
"398",2918001,"29",472.585631244323,534.645885558583,514.375204359673,474.907665758401,538.311353315168
"399",2918100,"29",451.206982543641,503.047132169576,491.898628428928,451.194389027431,491.820448877805
"400",2918209,"29",470.617403314917,509.039502762431,495.646132596685,463.077348066298,492.541436464088
"401",2918308,"29",469.79094488189,520.101181102362,503.338582677165,465.270866141732,518.503937007874
"402",2918357,"29",461.576458752515,509.548289738431,495.868812877264,466.636016096579,511.629778672032
"403",2918407,"29",467.577807231471,524.334375994062,507.046124483088,472.861806807338,517.393913688898
"404",2918456,"29",449.409090909091,499.636363636364,480.006818181818,477.443181818182,509.545454545455
"405",2918506,"29",456.500694444444,499.881597222222,485.509027777778,462.451388888889,480.138888888889
"406",2918555,"29",450.635227272727,508.170454545455,494.570454545455,450.376136363636,502.727272727273
"407",2918605,"29",458.124060150376,501.644360902256,490.063909774436,458.266165413534,504.511278195489
"408",2918704,"29",458.687234042553,515.048936170213,499.225531914894,451.585106382979,508.723404255319
"409",2918753,"29",446.437096774194,504.733870967742,492.029032258064,449.49247311828,506.559139784946
"410",2918803,"29",452.70202247191,503.373483146067,489.449887640449,448.303595505618,498.292134831461
"411",2918902,"29",449.929464285714,507.098214285714,493.796428571429,460.796428571429,492.5
"412",2919009,"29",436.681818181818,514.590909090909,489.25,454.909090909091,524.545454545455
"413",2919058,"29",464.418604651163,517.006201550388,501.602325581395,456.791472868217,517.984496124031
"414",2919108,"29",458.125,506.69875,495.58375,448.45,517
"415",2919157,"29",462.413888888889,513.72037037037,498.510339506173,465.685339506173,515.08487654321
"416",2919207,"29",476.352627248149,535.079910661808,518.697355119314,480.904572704831,528.943105677677
"417",2919306,"29",461.516883116883,527.311038961039,510.227922077922,465.255844155844,476.883116883117
"418",2919405,"29",469.47701863354,528.448757763975,513.181055900621,486.696894409938,532.44099378882
"419",2919504,"29",479.252065404475,528.17082616179,512.507917383821,489.646987951807,545.628227194492
"420",2919553,"29",469.569662464416,527.640910939406,513.156608377389,480.148556323709,522.212281415209
"421",2919603,"29",445.509359605911,489.117733990148,481.510344827586,431.847783251232,455.369458128079
"422",2919702,"29",467.149773755656,523.692760180995,506.066515837104,471.052036199095,536.742081447964
"423",2919801,"29",471.14234608985,520.216555740433,502.654326123128,469.923294509151,552.088186356073
"424",2919900,"29",432.21914893617,480.794680851064,478.174468085106,435.737234042553,457.021276595745
"425",2919926,"29",466.613508442777,516.368292682927,504.859662288931,459.135272045028,521.425891181989
"426",2919959,"29",455.230857142857,496.284571428571,490.156571428571,448.469714285714,474.857142857143
"427",2920007,"29",461.676984126984,521.143650793651,506.242063492063,457.697619047619,532.539682539683
"428",2920106,"29",464.673568281938,522.670925110132,507.737885462555,473.307929515418,509.074889867841
"429",2920205,"29",443.393460490463,484.522615803815,475.852588555858,446.920435967302,458.474114441417
"430",2920304,"29",463.674482758621,518.591034482759,503.288275862069,472.607586206897,516.551724137931
"431",2920403,"29",456.370642201835,511.624770642202,495.947706422018,462.053669724771,506.880733944954
"432",2920452,"29",439.6890625,477.2421875,471.034375,437.9421875,449.21875
"433",2920502,"29",462.251351351351,519.809159159159,510.681081081081,470.513813813814,516.996996996997
"434",2920601,"29",455.815270935961,501.773399014778,488.721305418719,456.872044334975,476.625615763547
"435",2920700,"29",443.07375,498.905416666667,484,443.525833333333,451
"436",2920809,"29",440.072972972973,479.861711711712,470.318468468468,427.095945945946,464.324324324324
"437",2920908,"29",439.207555555556,488.026222222222,486.548888888889,452.465777777778,468.444444444444
"438",2921005,"29",455.995595595596,513.166666666667,497.246546546547,452.454054054054,492.192192192192
"439",2921054,"29",452.934274193548,492.652822580645,483.313306451613,444.21814516129,494.032258064516
"440",2921104,"29",456.775907590759,512.222772277228,499.307260726073,457.257095709571,476.930693069307
"441",2921203,"29",467.61963190184,523.352914110429,509.491564417178,461.000613496932,524.969325153374
"442",2921302,"29",456.417269076305,504.01124497992,496.587951807229,452.268674698795,495.261044176707
"443",2921401,"29",450.187313432836,499.522388059701,497.398507462687,446.291044776119,517.611940298507
"444",2921450,"29",456.076724137931,518.271551724138,499.018965517241,450.875862068965,503.793103448276
"445",2921500,"29",452.803511053316,503.561898569571,494.718725617685,448.363068920676,491.573472041612
"446",2921609,"29",432.71619047619,488.609523809524,473.687619047619,442.838095238095,495.428571428571
"447",2921708,"29",458.489596879064,512.131859557867,500.661248374512,462.017815344603,491.443433029909
"448",2921807,"29",485.550520833333,535.6109375,512.734375,491.523958333333,569.166666666667
"449",2921906,"29",450.348066298343,495.24861878453,491.864640883978,460.842541436464,499.005524861878
"450",2922003,"29",472.175980861244,516.566315789474,503.024306220096,480.724880382775,487.311004784689
"451",2922052,"29",439.871134020619,497.932989690722,487.20824742268,447.490206185567,460
"452",2922102,"29",446.036073059361,496.330136986301,490.92899543379,450.922374429224,484.566210045662
"453",2922201,"29",464.89880239521,521.006586826347,499.475449101796,459.330538922156,520.359281437126
"454",2922250,"29",451.511956521739,508.576086956522,493.044565217391,464.680434782609,483.695652173913
"455",2922300,"29",460.263910505837,507.206614785992,491.601750972763,455.153793774319,489.892996108949
"456",2922409,"29",462.244035532995,512.61269035533,498.009137055838,460.509137055838,499.263959390863
"457",2922508,"29",463.547111681643,519.987548138639,503.706418485237,455.257124518614,503.97946084724
"458",2922607,"29",450.092592592593,501.650264550265,481.696296296296,441.239153439153,483.386243386243
"459",2922656,"29",448.228455284553,514.282113821138,503.806504065041,455.839024390244,504.715447154472
"460",2922706,"29",460.720418848168,506.401570680628,489.323560209424,459.573821989529,497.38219895288
"461",2922730,"29",470.185929648241,518.044221105528,502.652261306533,468.247738693467,511.658291457286
"462",2922755,"29",449.406666666667,506.866666666667,486.186666666667,451.610666666667,480.266666666667
"463",2922805,"29",443.671717171717,492.074747474747,477.508080808081,436.675757575758,468.686868686869
"464",2922854,"29",440.735087719298,502.047368421053,484.377192982456,447.329824561403,450.877192982456
"465",2922904,"29",452.456818181818,508.2125,498.157670454545,451.971022727273,483.920454545455
"466",2923001,"29",456.949816401469,507.683108935129,494.066952264382,455.205752753978,478.188494492044
"467",2923035,"29",457.160479041916,507.974251497006,496.273053892216,453.367065868263,506.467065868263
"468",2923050,"29",439.921739130435,488.638405797101,480.638405797101,448.059420289855,478.115942028986
"469",2923100,"29",461.458020477816,519.395221843003,501.651877133106,468.320819112628,513.788395904437
"470",2923209,"29",446.258745874587,493.556105610561,480.212541254125,451.165676567657,475.910891089109
"471",2923308,"29",451.150769230769,504.262051282051,481.811794871795,444.386153846154,477.74358974359
"472",2923357,"29",444.848924731183,501.70752688172,488.816129032258,446.536559139785,484.086021505376
"473",2923407,"29",458.976138433515,504.581785063752,494.83897996357,462.677413479053,495.883424408015
"474",2923506,"29",454.746774193548,515.231720430108,503.716129032258,456.931182795699,507.634408602151
"475",2923605,"29",474.736636636637,518.920570570571,503.405855855856,479.692192192192,521.081081081081
"476",2923704,"29",440.461956521739,492.069130434783,479.215217391304,444.44652173913,481.086956521739
"477",2923803,"29",465.492515923567,515.775796178344,503.459633757962,463.200238853503,523.025477707006
"478",2923902,"29",448.102549575071,494.504532577904,482.891218130312,445.220396600567,474.560906515581
"479",2924009,"29",470.020379273504,528.033920940171,512.492120726496,474.690998931624,525.73344017094
"480",2924058,"29",469.811607142857,524.330952380952,510.918452380952,471.919642857143,517.202380952381
"481",2924108,"29",444.912765957447,489.448936170213,475.389361702128,432.018439716312,467.943262411348
"482",2924207,"29",441.89014084507,484.716901408451,477.631690140845,439.975352112676,457.816901408451
"483",2924306,"29",456.709810126582,508.708860759494,495.348101265823,453.456012658228,519.050632911392
"484",2924405,"29",445.600684931507,500.907876712329,486.018493150685,456.473630136986,473.356164383562
"485",2924504,"29",456.266959064327,504.968713450292,492.831871345029,458.154970760234,507.426900584795
"486",2924603,"29",455.691006423983,502.96573875803,491.471734475375,453.926980728051,475.289079229122
"487",2924652,"29",458.067213114754,513.624043715847,503.496721311475,470.644808743169,517.704918032787
"488",2924678,"29",453.990361445783,498.303614457831,483.666265060241,441.667469879518,482.89156626506
"489",2924702,"29",457.607305936073,510.911872146119,496.754794520548,472.845662100457,516.62100456621
"490",2924801,"29",451.99696969697,507.040692640693,500.817748917749,455.470995670996,506.666666666667
"491",2924900,"29",452.324468085106,502.385106382979,491.352127659574,445.785106382979,515.744680851064
"492",2925006,"29",461.242508710801,515.903135888502,502.732578397213,466.264285714286,517.700348432056
"493",2925105,"29",459.670229007634,521.904770992366,503.996055979644,463.36641221374,513.104325699746
"494",2925204,"29",470.123560555923,524.907346128392,510.930840502978,471.255526141628,519.986763732627
"495",2925253,"29",455.214423076923,506.827884615385,494.140384615385,449.361538461538,508.846153846154
"496",2925303,"29",470.180810520666,531.169940955448,515.329978529254,474.568062265164,511.408749329039
"497",2925402,"29",447.632673267327,505.684158415842,484.029702970297,451.80198019802,491.485148514851
"498",2925501,"29",468.119379844961,523.820736434109,507.866085271318,470.563565891473,497.635658914729
"499",2925600,"29",455.577697841727,502.97170263789,494.250119904077,459.177697841727,491.127098321343
"500",2925709,"29",449.51,503.01625,483.968125,450.31375,487.125
"501",2925758,"29",452.086538461538,510.929895104895,493.288986013986,458.406993006993,504.160839160839
"502",2925808,"29",446.700641025641,506.657692307692,496.860576923077,455.766666666667,473.846153846154
"503",2925907,"29",451.862727272727,504.386666666667,492.045454545455,455.372727272727,502.787878787879
"504",2925931,"29",452.508333333333,521.493055555556,503.1875,458.311805555556,500.833333333333
"505",2925956,"29",444.360790273556,488.906079027356,482.114285714286,438.340729483283,462.051671732523
"506",2926004,"29",458.986312563841,515.232175689479,497.874157303371,468.044637385087,493.710929519918
"507",2926103,"29",454.493577981651,506.658103975535,493.065137614679,450.251987767584,514.422018348624
"508",2926202,"29",441.738,486.941714285714,482.413428571429,448.528285714286,479.142857142857
"509",2926301,"29",468.933905579399,521.89974248927,506.071587982833,462.805665236051,516.017167381974
"510",2926400,"29",465.339318600368,510.180018416206,495.506813996317,469.575138121547,508.213627992634
"511",2926509,"29",450.047899159664,504.71512605042,491.965546218487,456.798319327731,486.386554621849
"512",2926608,"29",462.215354017502,520.62338902148,508.478281622912,467.776213206046,514.192521877486
"513",2926657,"29",452.157954545455,510.854545454545,495.3625,448.694318181818,467.954545454545
"514",2926707,"29",459.583918128655,513.835964912281,498.356140350877,471.716374269006,515.555555555556
"515",2926806,"29",457.310693641619,512.368497109827,493.832658959538,465.992485549133,507.985549132948
"516",2926905,"29",454.175111111111,495.542666666667,483.178222222222,465.193333333333,486.933333333333
"517",2927002,"29",462.159090909091,511.873579545455,501.309848484848,459.14696969697,509.659090909091
"518",2927101,"29",455.321739130435,502.930434782609,497.989130434783,450.617391304348,503.565217391304
"519",2927200,"29",451.238151260504,495.387899159664,487.798991596639,449.212605042017,464.705882352941
"520",2927309,"29",456.383636363636,512.271363636364,496.321363636364,446.557727272727,503.818181818182
"521",2927408,"29",481.13193053195,541.274171880085,522.1100621994,485.535492532456,538.291198061693
"522",2927507,"29",454.062012320329,503.563039014374,485.724024640657,449.400821355236,480.246406570842
"523",2927606,"29",450.407086614173,496.194488188976,481.076771653543,447.379527559055,469.291338582677
"524",2927705,"29",470.116831683168,530.074653465347,513.972079207921,464.610693069307,517.366336633663
"525",2927804,"29",442.894615384615,494.279230769231,485.778461538462,451.529230769231,495.384615384615
"526",2927903,"29",455.613432835821,505.630447761194,490.15223880597,454.428358208955,507.283582089552
"527",2928000,"29",453.175074183976,505.358951533135,494.159841740851,453.286646884273,492.818991097923
"528",2928059,"29",456.971084337349,506.022289156627,487.771084337349,450.778915662651,501.084337349398
"529",2928109,"29",457.815988909427,510.864879852126,496.098336414048,462.512661737523,496.321626617375
"530",2928208,"29",455.663894523327,496.412778904665,487.778093306288,462.688438133874,482.150101419878
"531",2928307,"29",443.859836065574,497.488114754098,486.408606557377,442.872131147541,491.967213114754
"532",2928406,"29",449.99173693086,496.285497470489,483.664586846543,458.221416526138,495.649241146712
"533",2928505,"29",452.52196969697,516.423106060606,489.106439393939,470.711363636364,480.909090909091
"534",2928604,"29",459.082258064516,516.333808933003,498.894913151365,451.824937965261,512.617866004963
"535",2928703,"29",472.072748171369,528.310073145246,512.159310344828,472.920877742947,522.95736677116
"536",2928802,"29",455.588344988345,512.657808857809,499.356721056721,458.650582750583,490.863247863248
"537",2928901,"29",462.864349775785,522.145739910314,508.171748878924,466.229820627803,529.27130044843
"538",2928950,"29",460.697,526.0495,513.302,464.1835,535.4
"539",2929008,"29",448.823568281938,494.323788546256,486.1359030837,439.93281938326,470.220264317181
"540",2929057,"29",462.759487179487,510.831282051282,500.48358974359,462.716153846154,506.461538461538
"541",2929107,"29",455.268150208623,503.055910987483,489.204450625869,452.538108484006,479.666203059805
"542",2929206,"29",457.49067264574,508.617040358744,494.29730941704,449.492107623318,491.2466367713
"543",2929255,"29",464.564430894309,523.835365853659,503.109349593496,473.586991869919,506.056910569106
"544",2929305,"29",454.132462173315,502.39105914718,491.851306740027,451.087689133425,492.613480055021
"545",2929354,"29",452.879661016949,517.219491525424,497.003389830508,447.403389830509,515.932203389831
"546",2929370,"29",453.321014492754,505.432608695652,486.151449275362,457.584782608696,471.014492753623
"547",2929404,"29",454.03487394958,508.900840336134,488.59243697479,448.278571428571,515.378151260504
"548",2929503,"29",458.248288973384,515.948384030418,505.299239543726,455.072338403042,490.78897338403
"549",2929602,"29",453.502790014684,497.380323054332,485.739647577093,448.954919236417,471.218795888399
"550",2929701,"29",453.946759259259,506.691203703704,494.287037037037,450.910648148148,506.851851851852
"551",2929750,"29",462.422330097087,525.334466019418,503.88932038835,459.713106796117,520
"552",2929800,"29",455.381018518519,508.430092592593,494.881018518519,453.264351851852,506.481481481481
"553",2929909,"29",463.433493589744,525.980528846154,508.710416666667,468.992788461538,521.971153846154
"554",2930006,"29",461.288819875776,512.332298136646,496.937267080745,487.466459627329,512.422360248447
"555",2930105,"29",469.934815066169,523.258330505599,508.033118425518,470.85151001018,511.411605022056
"556",2930154,"29",442.54869739479,493.13246492986,486.016432865731,451.499198396794,453.186372745491
"557",2930204,"29",442.0728,497.134666666667,484.037866666667,442.3392,470.72
"558",2930303,"29",443.625112107623,494.131390134529,478.626905829596,446.62735426009,459.192825112108
"559",2930402,"29",449.1332247557,499.420846905537,492.275895765472,442.292508143322,501.563517915309
"560",2930501,"29",464.39483074108,522.842497712717,505.720631290027,465.617337602928,523.070448307411
"561",2930600,"29",457.6133640553,524.858525345622,502.036405529954,448.628571428571,526.728110599078
"562",2930709,"29",462.56799694967,523.785078800203,505.634087442806,463.326919166243,506.419420437214
"563",2930758,"29",437.985294117647,480.094852941176,470.666911764706,447.903676470588,448.088235294118
"564",2930766,"29",447.733114754098,496.170491803279,482.825245901639,453.013442622951,491.934426229508
"565",2930774,"29",455.173762376238,509.315594059406,497.568316831683,461.712252475248,489.183168316832
"566",2930808,"29",449.718974358974,508.486153846154,496.773333333333,451.061538461538,460.410256410256
"567",2930907,"29",451.163677130045,488.349775784753,480.878475336323,454.313452914798,457.130044843049
"568",2931004,"29",460.18580060423,513.453776435045,496.415105740181,468.355287009063,508.33836858006
"569",2931053,"29",473.273922902494,519.502494331066,500.173696145125,487.625396825397,552.33560090703
"570",2931103,"29",450.426229508197,494.562841530055,483.777595628415,442.999453551913,442.622950819672
"571",2931202,"29",453.942424242424,506.142727272727,482.018787878788,433.705454545455,514.121212121212
"572",2931301,"29",444.627380952381,499.368650793651,488.079761904762,451.538095238095,470
"573",2931350,"29",471.982105263158,528.402745098039,513.03907120743,474.660268317853,525.218575851393
"574",2931400,"29",444.046575342466,490.076712328767,482.834703196347,437.126940639269,456.712328767123
"575",2931509,"29",471.685174418605,526.723546511628,502.838081395349,464.856395348837,538.43023255814
"576",2931608,"29",457.428434504792,505.762619808307,485.876677316294,452.081469648562,504.281150159744
"577",2931707,"29",441.583211678832,490.735401459854,482.059124087591,437.519343065693,472.846715328467
"578",2931806,"29",456.064583333333,507.9546875,488.866145833333,447.6296875,481.145833333333
"579",2931905,"29",461.924061990212,519.557177814029,507.150163132137,468.3411908646,503.605220228385
"580",2932002,"29",456.497359735974,516.83696369637,502.887458745875,452.602310231023,501.782178217822
"581",2932101,"29",460.991344383057,512.36832412523,494.214180478821,460.792633517495,507.845303867403
"582",2932200,"29",464.642599277978,525.730144404332,506.075451263538,468.797472924188,531.516245487365
"583",2932309,"29",460.22125813449,511.922125813449,498.124078091106,454.811930585683,490.065075921909
"584",2932408,"29",472.073835920177,516.324168514412,500.127937915743,473.250110864745,491.707317073171
"585",2932457,"29",433.254639175258,484.873711340206,472.135567010309,437.375257731959,446.752577319588
"586",2932507,"29",461.258,512.719777777778,502.758,452.074444444444,495.333333333333
"587",2932606,"29",462.941013824885,515.218894009217,504.609677419355,474.506912442396,511.382488479263
"588",2932705,"29",456.473,509.3005,496.572333333333,460.670666666667,495.111666666667
"589",2932804,"29",458.980983606557,499.71737704918,495.009508196721,461.327213114754,481.180327868852
"590",2932903,"29",474.318380834366,532.248120611318,507.36361007848,467.541098719537,530.58653448988
"591",2933000,"29",464.773919308357,520.565850144092,506.94265129683,468.298703170029,527.629682997118
"592",2933059,"29",450.927137546468,506.684758364312,500.047583643123,460.25873605948,507.360594795539
"593",2933109,"29",466.236220472441,527.917322834646,506.699212598425,468.338582677165,528.976377952756
"594",2933158,"29",447.105128205128,508.850549450549,497.964468864469,452.874358974359,503.369963369963
"595",2933174,"29",454.509745762712,504.478813559322,495.296610169492,448.891949152542,501.101694915254
"596",2933208,"29",468.566098484849,518.140909090909,499.445549242424,458.682575757576,508.787878787879
"597",2933257,"29",459.227472527473,507.18021978022,496.203296703297,465.565934065934,506.813186813187
"598",2933307,"29",480.58497851365,542.986229777553,520.813555358948,489.863953488372,557.559024266936
"599",2933406,"29",459.328859060403,519.795973154362,499.043624161074,457.690604026846,521.073825503356
"600",2933455,"29",456.894565217391,504.625543478261,491.201086956522,457.9,510.326086956522
"601",2933505,"29",452.81511627907,511.641085271318,491.286434108527,444.22480620155,529.22480620155
"602",2933604,"29",456.544646464646,506.987474747475,494.16404040404,453.520808080808,493.79797979798
